frame_zero_based,source_pts_seconds,timecode_30fps,scene,scene_title,image_path,planned_active_cue_frame,planned_active_cue
0,0.000000,00:00:00,01,Identity construction,frames/0001.jpg,0,Construction guides appear on cream.
1,0.033333,00:00:01,01,Identity construction,frames/0002.jpg,0,Construction guides appear on cream.
2,0.066667,00:00:02,01,Identity construction,frames/0003.jpg,2,First gray circular anchor arrives.
3,0.100000,00:00:03,01,Identity construction,frames/0004.jpg,2,First gray circular anchor arrives.
4,0.133333,00:00:04,01,Identity construction,frames/0005.jpg,2,First gray circular anchor arrives.
5,0.166667,00:00:05,01,Identity construction,frames/0006.jpg,2,First gray circular anchor arrives.
6,0.200000,00:00:06,01,Identity construction,frames/0007.jpg,2,First gray circular anchor arrives.
7,0.233333,00:00:07,01,Identity construction,frames/0008.jpg,7,Opposite anchor and square modules begin forming.
8,0.266667,00:00:08,01,Identity construction,frames/0009.jpg,7,Opposite anchor and square modules begin forming.
9,0.300000,00:00:09,01,Identity construction,frames/0010.jpg,7,Opposite anchor and square modules begin forming.
10,0.333333,00:00:10,01,Identity construction,frames/0011.jpg,7,Opposite anchor and square modules begin forming.
11,0.366667,00:00:11,01,Identity construction,frames/0012.jpg,7,Opposite anchor and square modules begin forming.
12,0.400000,00:00:12,01,Identity construction,frames/0013.jpg,7,Opposite anchor and square modules begin forming.
13,0.433333,00:00:13,01,Identity construction,frames/0014.jpg,7,Opposite anchor and square modules begin forming.
14,0.466667,00:00:14,01,Identity construction,frames/0015.jpg,7,Opposite anchor and square modules begin forming.
15,0.500000,00:00:15,01,Identity construction,frames/0016.jpg,15,The entire gray mark is readable.
16,0.533333,00:00:16,01,Identity construction,frames/0017.jpg,15,The entire gray mark is readable.
17,0.566667,00:00:17,01,Identity construction,frames/0018.jpg,15,The entire gray mark is readable.
18,0.600000,00:00:18,01,Identity construction,frames/0019.jpg,15,The entire gray mark is readable.
19,0.633333,00:00:19,01,Identity construction,frames/0020.jpg,15,The entire gray mark is readable.
20,0.666667,00:00:20,01,Identity construction,frames/0021.jpg,15,The entire gray mark is readable.
21,0.700000,00:00:21,01,Identity construction,frames/0022.jpg,15,The entire gray mark is readable.
22,0.733333,00:00:22,01,Identity construction,frames/0023.jpg,15,The entire gray mark is readable.
23,0.766667,00:00:23,01,Identity construction,frames/0024.jpg,23,Connections resolve and construction motion settles.
24,0.800000,00:00:24,01,Identity construction,frames/0025.jpg,23,Connections resolve and construction motion settles.
25,0.833333,00:00:25,01,Identity construction,frames/0026.jpg,23,Connections resolve and construction motion settles.
26,0.866667,00:00:26,01,Identity construction,frames/0027.jpg,23,Connections resolve and construction motion settles.
27,0.900000,00:00:27,01,Identity construction,frames/0028.jpg,23,Connections resolve and construction motion settles.
28,0.933333,00:00:28,01,Identity construction,frames/0029.jpg,23,Connections resolve and construction motion settles.
29,0.966667,00:00:29,01,Identity construction,frames/0030.jpg,23,Connections resolve and construction motion settles.
30,1.000000,00:01:00,01,Identity construction,frames/0031.jpg,23,Connections resolve and construction motion settles.
31,1.033333,00:01:01,01,Identity construction,frames/0032.jpg,23,Connections resolve and construction motion settles.
32,1.066667,00:01:02,01,Identity construction,frames/0033.jpg,23,Connections resolve and construction motion settles.
33,1.100000,00:01:03,01,Identity construction,frames/0034.jpg,33,Dark fill begins.
34,1.133333,00:01:04,01,Identity construction,frames/0035.jpg,33,Dark fill begins.
35,1.166667,00:01:05,01,Identity construction,frames/0036.jpg,33,Dark fill begins.
36,1.200000,00:01:06,01,Identity construction,frames/0037.jpg,33,Dark fill begins.
37,1.233333,00:01:07,01,Identity construction,frames/0038.jpg,33,Dark fill begins.
38,1.266667,00:01:08,01,Identity construction,frames/0039.jpg,33,Dark fill begins.
39,1.300000,00:01:09,01,Identity construction,frames/0040.jpg,33,Dark fill begins.
40,1.333333,00:01:10,01,Identity construction,frames/0041.jpg,40,Finish the ink sweep; prepare the wordmark reveal.
41,1.366667,00:01:11,02,Wordmark resolves,frames/0042.jpg,41,Reveal begins while the symbol shifts left.
42,1.400000,00:01:12,02,Wordmark resolves,frames/0043.jpg,41,Reveal begins while the symbol shifts left.
43,1.433333,00:01:13,02,Wordmark resolves,frames/0044.jpg,41,Reveal begins while the symbol shifts left.
44,1.466667,00:01:14,02,Wordmark resolves,frames/0045.jpg,41,Reveal begins while the symbol shifts left.
45,1.500000,00:01:15,02,Wordmark resolves,frames/0046.jpg,41,Reveal begins while the symbol shifts left.
46,1.533333,00:01:16,02,Wordmark resolves,frames/0047.jpg,46,All three letters are fully visible.
47,1.566667,00:01:17,02,Wordmark resolves,frames/0048.jpg,46,All three letters are fully visible.
48,1.600000,00:01:18,02,Wordmark resolves,frames/0049.jpg,46,All three letters are fully visible.
49,1.633333,00:01:19,02,Wordmark resolves,frames/0050.jpg,46,All three letters are fully visible.
50,1.666667,00:01:20,02,Wordmark resolves,frames/0051.jpg,50,Lockup settles.
51,1.700000,00:01:21,02,Wordmark resolves,frames/0052.jpg,50,Lockup settles.
52,1.733333,00:01:22,02,Wordmark resolves,frames/0053.jpg,50,Lockup settles.
53,1.766667,00:01:23,02,Wordmark resolves,frames/0054.jpg,50,Lockup settles.
54,1.800000,00:01:24,02,Wordmark resolves,frames/0055.jpg,50,Lockup settles.
55,1.833333,00:01:25,02,Wordmark resolves,frames/0056.jpg,50,Lockup settles.
56,1.866667,00:01:26,02,Wordmark resolves,frames/0057.jpg,50,Lockup settles.
57,1.900000,00:01:27,02,Wordmark resolves,frames/0058.jpg,50,Lockup settles.
58,1.933333,00:01:28,02,Wordmark resolves,frames/0059.jpg,50,Lockup settles.
59,1.966667,00:01:29,02,Wordmark resolves,frames/0060.jpg,50,Lockup settles.
60,2.000000,00:02:00,02,Wordmark resolves,frames/0061.jpg,60,Hold the complete identity.
61,2.033333,00:02:01,03,Clear-space study,frames/0062.jpg,61,Top measurement bar appears.
62,2.066667,00:02:02,03,Clear-space study,frames/0063.jpg,61,Top measurement bar appears.
63,2.100000,00:02:03,03,Clear-space study,frames/0064.jpg,61,Top measurement bar appears.
64,2.133333,00:02:04,03,Clear-space study,frames/0065.jpg,61,Top measurement bar appears.
65,2.166667,00:02:05,03,Clear-space study,frames/0066.jpg,65,Bottom bar completes.
66,2.200000,00:02:06,03,Clear-space study,frames/0067.jpg,65,Bottom bar completes.
67,2.233333,00:02:07,03,Clear-space study,frames/0068.jpg,65,Bottom bar completes.
68,2.266667,00:02:08,03,Clear-space study,frames/0069.jpg,65,Bottom bar completes.
69,2.300000,00:02:09,03,Clear-space study,frames/0070.jpg,69,Side bars sweep in.
70,2.333333,00:02:10,03,Clear-space study,frames/0071.jpg,69,Side bars sweep in.
71,2.366667,00:02:11,03,Clear-space study,frames/0072.jpg,69,Side bars sweep in.
72,2.400000,00:02:12,03,Clear-space study,frames/0073.jpg,69,Side bars sweep in.
73,2.433333,00:02:13,03,Clear-space study,frames/0074.jpg,69,Side bars sweep in.
74,2.466667,00:02:14,03,Clear-space study,frames/0075.jpg,74,Clear-space box settles.
75,2.500000,00:02:15,03,Clear-space study,frames/0076.jpg,74,Clear-space box settles.
76,2.533333,00:02:16,03,Clear-space study,frames/0077.jpg,74,Clear-space box settles.
77,2.566667,00:02:17,03,Clear-space study,frames/0078.jpg,74,Clear-space box settles.
78,2.600000,00:02:18,03,Clear-space study,frames/0079.jpg,74,Clear-space box settles.
79,2.633333,00:02:19,03,Clear-space study,frames/0080.jpg,74,Clear-space box settles.
80,2.666667,00:02:20,03,Clear-space study,frames/0081.jpg,74,Clear-space box settles.
81,2.700000,00:02:21,03,Clear-space study,frames/0082.jpg,74,Clear-space box settles.
82,2.733333,00:02:22,03,Clear-space study,frames/0083.jpg,82,Last light-frame hold before the dark cut.
83,2.766667,00:02:23,04,Dark identity and escaping dot,frames/0084.jpg,83,Cut to the smaller cream lockup.
84,2.800000,00:02:24,04,Dark identity and escaping dot,frames/0085.jpg,83,Cut to the smaller cream lockup.
85,2.833333,00:02:25,04,Dark identity and escaping dot,frames/0086.jpg,83,Cut to the smaller cream lockup.
86,2.866667,00:02:26,04,Dark identity and escaping dot,frames/0087.jpg,83,Cut to the smaller cream lockup.
87,2.900000,00:02:27,04,Dark identity and escaping dot,frames/0088.jpg,83,Cut to the smaller cream lockup.
88,2.933333,00:02:28,04,Dark identity and escaping dot,frames/0089.jpg,83,Cut to the smaller cream lockup.
89,2.966667,00:02:29,04,Dark identity and escaping dot,frames/0090.jpg,83,Cut to the smaller cream lockup.
90,3.000000,00:03:00,04,Dark identity and escaping dot,frames/0091.jpg,83,Cut to the smaller cream lockup.
91,3.033333,00:03:01,04,Dark identity and escaping dot,frames/0092.jpg,91,Fine guide lines travel behind it.
92,3.066667,00:03:02,04,Dark identity and escaping dot,frames/0093.jpg,91,Fine guide lines travel behind it.
93,3.100000,00:03:03,04,Dark identity and escaping dot,frames/0094.jpg,91,Fine guide lines travel behind it.
94,3.133333,00:03:04,04,Dark identity and escaping dot,frames/0095.jpg,91,Fine guide lines travel behind it.
95,3.166667,00:03:05,04,Dark identity and escaping dot,frames/0096.jpg,91,Fine guide lines travel behind it.
96,3.200000,00:03:06,04,Dark identity and escaping dot,frames/0097.jpg,91,Fine guide lines travel behind it.
97,3.233333,00:03:07,04,Dark identity and escaping dot,frames/0098.jpg,91,Fine guide lines travel behind it.
98,3.266667,00:03:08,04,Dark identity and escaping dot,frames/0099.jpg,91,Fine guide lines travel behind it.
99,3.300000,00:03:09,04,Dark identity and escaping dot,frames/0100.jpg,91,Fine guide lines travel behind it.
100,3.333333,00:03:10,04,Dark identity and escaping dot,frames/0101.jpg,91,Fine guide lines travel behind it.
101,3.366667,00:03:11,04,Dark identity and escaping dot,frames/0102.jpg,91,Fine guide lines travel behind it.
102,3.400000,00:03:12,04,Dark identity and escaping dot,frames/0103.jpg,91,Fine guide lines travel behind it.
103,3.433333,00:03:13,04,Dark identity and escaping dot,frames/0104.jpg,91,Fine guide lines travel behind it.
104,3.466667,00:03:14,04,Dark identity and escaping dot,frames/0105.jpg,91,Fine guide lines travel behind it.
105,3.500000,00:03:15,04,Dark identity and escaping dot,frames/0106.jpg,91,Fine guide lines travel behind it.
106,3.533333,00:03:16,04,Dark identity and escaping dot,frames/0107.jpg,91,Fine guide lines travel behind it.
107,3.566667,00:03:17,04,Dark identity and escaping dot,frames/0108.jpg,91,Fine guide lines travel behind it.
108,3.600000,00:03:18,04,Dark identity and escaping dot,frames/0109.jpg,91,Fine guide lines travel behind it.
109,3.633333,00:03:19,04,Dark identity and escaping dot,frames/0110.jpg,109,Lockup begins losing emphasis.
110,3.666667,00:03:20,04,Dark identity and escaping dot,frames/0111.jpg,109,Lockup begins losing emphasis.
111,3.700000,00:03:21,04,Dark identity and escaping dot,frames/0112.jpg,109,Lockup begins losing emphasis.
112,3.733333,00:03:22,04,Dark identity and escaping dot,frames/0113.jpg,109,Lockup begins losing emphasis.
113,3.766667,00:03:23,04,Dark identity and escaping dot,frames/0114.jpg,109,Lockup begins losing emphasis.
114,3.800000,00:03:24,04,Dark identity and escaping dot,frames/0115.jpg,109,Lockup begins losing emphasis.
115,3.833333,00:03:25,04,Dark identity and escaping dot,frames/0116.jpg,109,Lockup begins losing emphasis.
116,3.866667,00:03:26,04,Dark identity and escaping dot,frames/0117.jpg,109,Lockup begins losing emphasis.
117,3.900000,00:03:27,04,Dark identity and escaping dot,frames/0118.jpg,109,Lockup begins losing emphasis.
118,3.933333,00:03:28,04,Dark identity and escaping dot,frames/0119.jpg,109,Lockup begins losing emphasis.
119,3.966667,00:03:29,04,Dark identity and escaping dot,frames/0120.jpg,109,Lockup begins losing emphasis.
120,4.000000,00:04:00,04,Dark identity and escaping dot,frames/0121.jpg,109,Lockup begins losing emphasis.
121,4.033333,00:04:01,04,Dark identity and escaping dot,frames/0122.jpg,121,One circle separates.
122,4.066667,00:04:02,04,Dark identity and escaping dot,frames/0123.jpg,121,One circle separates.
123,4.100000,00:04:03,04,Dark identity and escaping dot,frames/0124.jpg,121,One circle separates.
124,4.133333,00:04:04,04,Dark identity and escaping dot,frames/0125.jpg,121,One circle separates.
125,4.166667,00:04:05,04,Dark identity and escaping dot,frames/0126.jpg,125,The circle reaches the upper-left transition position.
126,4.200000,00:04:06,05,Dot becomes color,frames/0127.jpg,126,Arc enters on the light ground.
127,4.233333,00:04:07,05,Dot becomes color,frames/0128.jpg,126,Arc enters on the light ground.
128,4.266667,00:04:08,05,Dot becomes color,frames/0129.jpg,126,Arc enters on the light ground.
129,4.300000,00:04:09,05,Dot becomes color,frames/0130.jpg,126,Arc enters on the light ground.
130,4.333333,00:04:10,05,Dot becomes color,frames/0131.jpg,130,Arc compresses.
131,4.366667,00:04:11,05,Dot becomes color,frames/0132.jpg,130,Arc compresses.
132,4.400000,00:04:12,05,Dot becomes color,frames/0133.jpg,130,Arc compresses.
133,4.433333,00:04:13,05,Dot becomes color,frames/0134.jpg,133,Dot shape is resolved.
134,4.466667,00:04:14,05,Dot becomes color,frames/0135.jpg,133,Dot shape is resolved.
135,4.500000,00:04:15,05,Dot becomes color,frames/0136.jpg,133,Dot shape is resolved.
136,4.533333,00:04:16,05,Dot becomes color,frames/0137.jpg,133,Dot shape is resolved.
137,4.566667,00:04:17,05,Dot becomes color,frames/0138.jpg,133,Dot shape is resolved.
138,4.600000,00:04:18,05,Dot becomes color,frames/0139.jpg,133,Dot shape is resolved.
139,4.633333,00:04:19,05,Dot becomes color,frames/0140.jpg,133,Dot shape is resolved.
140,4.666667,00:04:20,05,Dot becomes color,frames/0141.jpg,140,Dot settles.
141,4.700000,00:04:21,05,Dot becomes color,frames/0142.jpg,140,Dot settles.
142,4.733333,00:04:22,05,Dot becomes color,frames/0143.jpg,142,Last compact state before expansion.
143,4.766667,00:04:23,06,Palette grid,frames/0144.jpg,143,The center dot becomes an iris swatch.
144,4.800000,00:04:24,06,Palette grid,frames/0145.jpg,143,The center dot becomes an iris swatch.
145,4.833333,00:04:25,06,Palette grid,frames/0146.jpg,143,The center dot becomes an iris swatch.
146,4.866667,00:04:26,06,Palette grid,frames/0147.jpg,143,The center dot becomes an iris swatch.
147,4.900000,00:04:27,06,Palette grid,frames/0148.jpg,143,The center dot becomes an iris swatch.
148,4.933333,00:04:28,06,Palette grid,frames/0149.jpg,148,First card reaches its rounded-square shape.
149,4.966667,00:04:29,06,Palette grid,frames/0150.jpg,148,First card reaches its rounded-square shape.
150,5.000000,00:05:00,06,Palette grid,frames/0151.jpg,150,Right neighbor enters.
151,5.033333,00:05:01,06,Palette grid,frames/0152.jpg,150,Right neighbor enters.
152,5.066667,00:05:02,06,Palette grid,frames/0153.jpg,150,Right neighbor enters.
153,5.100000,00:05:03,06,Palette grid,frames/0154.jpg,150,Right neighbor enters.
154,5.133333,00:05:04,06,Palette grid,frames/0155.jpg,154,Main row is filled.
155,5.166667,00:05:05,06,Palette grid,frames/0156.jpg,154,Main row is filled.
156,5.200000,00:05:06,06,Palette grid,frames/0157.jpg,154,Main row is filled.
157,5.233333,00:05:07,06,Palette grid,frames/0158.jpg,154,Main row is filled.
158,5.266667,00:05:08,06,Palette grid,frames/0159.jpg,154,Main row is filled.
159,5.300000,00:05:09,06,Palette grid,frames/0160.jpg,154,Main row is filled.
160,5.333333,00:05:10,06,Palette grid,frames/0161.jpg,154,Main row is filled.
161,5.366667,00:05:11,06,Palette grid,frames/0162.jpg,161,Top and lower rows enter the crop.
162,5.400000,00:05:12,06,Palette grid,frames/0163.jpg,161,Top and lower rows enter the crop.
163,5.433333,00:05:13,06,Palette grid,frames/0164.jpg,161,Top and lower rows enter the crop.
164,5.466667,00:05:14,06,Palette grid,frames/0165.jpg,161,Top and lower rows enter the crop.
165,5.500000,00:05:15,06,Palette grid,frames/0166.jpg,161,Top and lower rows enter the crop.
166,5.533333,00:05:16,06,Palette grid,frames/0167.jpg,161,Top and lower rows enter the crop.
167,5.566667,00:05:17,06,Palette grid,frames/0168.jpg,161,Top and lower rows enter the crop.
168,5.600000,00:05:18,06,Palette grid,frames/0169.jpg,161,Top and lower rows enter the crop.
169,5.633333,00:05:19,06,Palette grid,frames/0170.jpg,161,Top and lower rows enter the crop.
170,5.666667,00:05:20,06,Palette grid,frames/0171.jpg,161,Top and lower rows enter the crop.
171,5.700000,00:05:21,06,Palette grid,frames/0172.jpg,161,Top and lower rows enter the crop.
172,5.733333,00:05:22,06,Palette grid,frames/0173.jpg,161,Top and lower rows enter the crop.
173,5.766667,00:05:23,06,Palette grid,frames/0174.jpg,161,Top and lower rows enter the crop.
174,5.800000,00:05:24,06,Palette grid,frames/0175.jpg,161,Top and lower rows enter the crop.
175,5.833333,00:05:25,06,Palette grid,frames/0176.jpg,161,Top and lower rows enter the crop.
176,5.866667,00:05:26,06,Palette grid,frames/0177.jpg,161,Top and lower rows enter the crop.
177,5.900000,00:05:27,06,Palette grid,frames/0178.jpg,161,Top and lower rows enter the crop.
178,5.933333,00:05:28,06,Palette grid,frames/0179.jpg,161,Top and lower rows enter the crop.
179,5.966667,00:05:29,06,Palette grid,frames/0180.jpg,161,Top and lower rows enter the crop.
180,6.000000,00:06:00,06,Palette grid,frames/0181.jpg,161,Top and lower rows enter the crop.
181,6.033333,00:06:01,06,Palette grid,frames/0182.jpg,161,Top and lower rows enter the crop.
182,6.066667,00:06:02,06,Palette grid,frames/0183.jpg,161,Top and lower rows enter the crop.
183,6.100000,00:06:03,06,Palette grid,frames/0184.jpg,161,Top and lower rows enter the crop.
184,6.133333,00:06:04,06,Palette grid,frames/0185.jpg,184,The grid drifts upward.
185,6.166667,00:06:05,06,Palette grid,frames/0186.jpg,184,The grid drifts upward.
186,6.200000,00:06:06,06,Palette grid,frames/0187.jpg,184,The grid drifts upward.
187,6.233333,00:06:07,06,Palette grid,frames/0188.jpg,184,The grid drifts upward.
188,6.266667,00:06:08,06,Palette grid,frames/0189.jpg,184,The grid drifts upward.
189,6.300000,00:06:09,06,Palette grid,frames/0190.jpg,184,The grid drifts upward.
190,6.333333,00:06:10,06,Palette grid,frames/0191.jpg,184,The grid drifts upward.
191,6.366667,00:06:11,06,Palette grid,frames/0192.jpg,191,Final full palette state.
192,6.400000,00:06:12,07,Oversized type field,frames/0193.jpg,192,Hard cut to edge-cropped type.
193,6.433333,00:06:13,07,Oversized type field,frames/0194.jpg,192,Hard cut to edge-cropped type.
194,6.466667,00:06:14,07,Oversized type field,frames/0195.jpg,192,Hard cut to edge-cropped type.
195,6.500000,00:06:15,07,Oversized type field,frames/0196.jpg,192,Hard cut to edge-cropped type.
196,6.533333,00:06:16,07,Oversized type field,frames/0197.jpg,192,Hard cut to edge-cropped type.
197,6.566667,00:06:17,07,Oversized type field,frames/0198.jpg,192,Hard cut to edge-cropped type.
198,6.600000,00:06:18,07,Oversized type field,frames/0199.jpg,198,Highlight ‘to’.
199,6.633333,00:06:19,07,Oversized type field,frames/0200.jpg,198,Highlight ‘to’.
200,6.666667,00:06:20,07,Oversized type field,frames/0201.jpg,198,Highlight ‘to’.
201,6.700000,00:06:21,07,Oversized type field,frames/0202.jpg,198,Highlight ‘to’.
202,6.733333,00:06:22,07,Oversized type field,frames/0203.jpg,198,Highlight ‘to’.
203,6.766667,00:06:23,07,Oversized type field,frames/0204.jpg,198,Highlight ‘to’.
204,6.800000,00:06:24,07,Oversized type field,frames/0205.jpg,204,Highlight ‘a connection’.
205,6.833333,00:06:25,07,Oversized type field,frames/0206.jpg,204,Highlight ‘a connection’.
206,6.866667,00:06:26,07,Oversized type field,frames/0207.jpg,204,Highlight ‘a connection’.
207,6.900000,00:06:27,07,Oversized type field,frames/0208.jpg,204,Highlight ‘a connection’.
208,6.933333,00:06:28,07,Oversized type field,frames/0209.jpg,204,Highlight ‘a connection’.
209,6.966667,00:06:29,07,Oversized type field,frames/0210.jpg,204,Highlight ‘a connection’.
210,7.000000,00:07:00,07,Oversized type field,frames/0211.jpg,204,Highlight ‘a connection’.
211,7.033333,00:07:01,07,Oversized type field,frames/0212.jpg,211,Begin the editorial type change.
212,7.066667,00:07:02,07,Oversized type field,frames/0213.jpg,211,Begin the editorial type change.
213,7.100000,00:07:03,07,Oversized type field,frames/0214.jpg,211,Begin the editorial type change.
214,7.133333,00:07:04,07,Oversized type field,frames/0215.jpg,211,Begin the editorial type change.
215,7.166667,00:07:05,07,Oversized type field,frames/0216.jpg,211,Begin the editorial type change.
216,7.200000,00:07:06,07,Oversized type field,frames/0217.jpg,211,Begin the editorial type change.
217,7.233333,00:07:07,07,Oversized type field,frames/0218.jpg,211,Begin the editorial type change.
218,7.266667,00:07:08,07,Oversized type field,frames/0219.jpg,218,Serif phrase holds within the sans field.
219,7.300000,00:07:09,07,Oversized type field,frames/0220.jpg,218,Serif phrase holds within the sans field.
220,7.333333,00:07:10,07,Oversized type field,frames/0221.jpg,218,Serif phrase holds within the sans field.
221,7.366667,00:07:11,07,Oversized type field,frames/0222.jpg,218,Serif phrase holds within the sans field.
222,7.400000,00:07:12,07,Oversized type field,frames/0223.jpg,218,Serif phrase holds within the sans field.
223,7.433333,00:07:13,07,Oversized type field,frames/0224.jpg,218,Serif phrase holds within the sans field.
224,7.466667,00:07:14,07,Oversized type field,frames/0225.jpg,218,Serif phrase holds within the sans field.
225,7.500000,00:07:15,07,Oversized type field,frames/0226.jpg,225,Final cropped layout.
226,7.533333,00:07:16,08,Type pairing statement,frames/0227.jpg,226,‘Every’ is present; outline guides indicate the remaining lines.
227,7.566667,00:07:17,08,Type pairing statement,frames/0228.jpg,226,‘Every’ is present; outline guides indicate the remaining lines.
228,7.600000,00:07:18,08,Type pairing statement,frames/0229.jpg,226,‘Every’ is present; outline guides indicate the remaining lines.
229,7.633333,00:07:19,08,Type pairing statement,frames/0230.jpg,226,‘Every’ is present; outline guides indicate the remaining lines.
230,7.666667,00:07:20,08,Type pairing statement,frames/0231.jpg,230,Second-line character reveal starts.
231,7.700000,00:07:21,08,Type pairing statement,frames/0232.jpg,230,Second-line character reveal starts.
232,7.733333,00:07:22,08,Type pairing statement,frames/0233.jpg,230,Second-line character reveal starts.
233,7.766667,00:07:23,08,Type pairing statement,frames/0234.jpg,230,Second-line character reveal starts.
234,7.800000,00:07:24,08,Type pairing statement,frames/0235.jpg,230,Second-line character reveal starts.
235,7.833333,00:07:25,08,Type pairing statement,frames/0236.jpg,235,‘More human.’ arrives on the lower baseline.
236,7.866667,00:07:26,08,Type pairing statement,frames/0237.jpg,235,‘More human.’ arrives on the lower baseline.
237,7.900000,00:07:27,08,Type pairing statement,frames/0238.jpg,235,‘More human.’ arrives on the lower baseline.
238,7.933333,00:07:28,08,Type pairing statement,frames/0239.jpg,235,‘More human.’ arrives on the lower baseline.
239,7.966667,00:07:29,08,Type pairing statement,frames/0240.jpg,235,‘More human.’ arrives on the lower baseline.
240,8.000000,00:08:00,08,Type pairing statement,frames/0241.jpg,235,‘More human.’ arrives on the lower baseline.
241,8.033333,00:08:01,08,Type pairing statement,frames/0242.jpg,235,‘More human.’ arrives on the lower baseline.
242,8.066667,00:08:02,08,Type pairing statement,frames/0243.jpg,235,‘More human.’ arrives on the lower baseline.
243,8.100000,00:08:03,08,Type pairing statement,frames/0244.jpg,235,‘More human.’ arrives on the lower baseline.
244,8.133333,00:08:04,08,Type pairing statement,frames/0245.jpg,244,The statement is complete.
245,8.166667,00:08:05,08,Type pairing statement,frames/0246.jpg,244,The statement is complete.
246,8.200000,00:08:06,08,Type pairing statement,frames/0247.jpg,244,The statement is complete.
247,8.233333,00:08:07,08,Type pairing statement,frames/0248.jpg,244,The statement is complete.
248,8.266667,00:08:08,08,Type pairing statement,frames/0249.jpg,248,Lower line receives the lemon highlight.
249,8.300000,00:08:09,08,Type pairing statement,frames/0250.jpg,248,Lower line receives the lemon highlight.
250,8.333333,00:08:10,08,Type pairing statement,frames/0251.jpg,248,Lower line receives the lemon highlight.
251,8.366667,00:08:11,08,Type pairing statement,frames/0252.jpg,248,Lower line receives the lemon highlight.
252,8.400000,00:08:12,08,Type pairing statement,frames/0253.jpg,248,Lower line receives the lemon highlight.
253,8.433333,00:08:13,08,Type pairing statement,frames/0254.jpg,248,Lower line receives the lemon highlight.
254,8.466667,00:08:14,08,Type pairing statement,frames/0255.jpg,248,Lower line receives the lemon highlight.
255,8.500000,00:08:15,08,Type pairing statement,frames/0256.jpg,248,Lower line receives the lemon highlight.
256,8.533333,00:08:16,08,Type pairing statement,frames/0257.jpg,256,Lower line switches to the editorial serif.
257,8.566667,00:08:17,08,Type pairing statement,frames/0258.jpg,256,Lower line switches to the editorial serif.
258,8.600000,00:08:18,08,Type pairing statement,frames/0259.jpg,256,Lower line switches to the editorial serif.
259,8.633333,00:08:19,08,Type pairing statement,frames/0260.jpg,256,Lower line switches to the editorial serif.
260,8.666667,00:08:20,08,Type pairing statement,frames/0261.jpg,256,Lower line switches to the editorial serif.
261,8.700000,00:08:21,08,Type pairing statement,frames/0262.jpg,256,Lower line switches to the editorial serif.
262,8.733333,00:08:22,08,Type pairing statement,frames/0263.jpg,256,Lower line switches to the editorial serif.
263,8.766667,00:08:23,08,Type pairing statement,frames/0264.jpg,256,Lower line switches to the editorial serif.
264,8.800000,00:08:24,08,Type pairing statement,frames/0265.jpg,256,Lower line switches to the editorial serif.
265,8.833333,00:08:25,08,Type pairing statement,frames/0266.jpg,256,Lower line switches to the editorial serif.
266,8.866667,00:08:26,08,Type pairing statement,frames/0267.jpg,256,Lower line switches to the editorial serif.
267,8.900000,00:08:27,08,Type pairing statement,frames/0268.jpg,256,Lower line switches to the editorial serif.
268,8.933333,00:08:28,08,Type pairing statement,frames/0269.jpg,256,Lower line switches to the editorial serif.
269,8.966667,00:08:29,08,Type pairing statement,frames/0270.jpg,256,Lower line switches to the editorial serif.
270,9.000000,00:09:00,08,Type pairing statement,frames/0271.jpg,256,Lower line switches to the editorial serif.
271,9.033333,00:09:01,08,Type pairing statement,frames/0272.jpg,256,Lower line switches to the editorial serif.
272,9.066667,00:09:02,08,Type pairing statement,frames/0273.jpg,256,Lower line switches to the editorial serif.
273,9.100000,00:09:03,08,Type pairing statement,frames/0274.jpg,256,Lower line switches to the editorial serif.
274,9.133333,00:09:04,08,Type pairing statement,frames/0275.jpg,256,Lower line switches to the editorial serif.
275,9.166667,00:09:05,08,Type pairing statement,frames/0276.jpg,256,Lower line switches to the editorial serif.
276,9.200000,00:09:06,08,Type pairing statement,frames/0277.jpg,256,Lower line switches to the editorial serif.
277,9.233333,00:09:07,08,Type pairing statement,frames/0278.jpg,256,Lower line switches to the editorial serif.
278,9.266667,00:09:08,08,Type pairing statement,frames/0279.jpg,256,Lower line switches to the editorial serif.
279,9.300000,00:09:09,08,Type pairing statement,frames/0280.jpg,256,Lower line switches to the editorial serif.
280,9.333333,00:09:10,08,Type pairing statement,frames/0281.jpg,256,Lower line switches to the editorial serif.
281,9.366667,00:09:11,08,Type pairing statement,frames/0282.jpg,281,Hold the resolved type specimen.
282,9.400000,00:09:12,09,Corner-radius macro,frames/0283.jpg,282,Start on the panel-corner macro.
283,9.433333,00:09:13,09,Corner-radius macro,frames/0284.jpg,282,Start on the panel-corner macro.
284,9.466667,00:09:14,09,Corner-radius macro,frames/0285.jpg,282,Start on the panel-corner macro.
285,9.500000,00:09:15,09,Corner-radius macro,frames/0286.jpg,282,Start on the panel-corner macro.
286,9.533333,00:09:16,09,Corner-radius macro,frames/0287.jpg,282,Start on the panel-corner macro.
287,9.566667,00:09:17,09,Corner-radius macro,frames/0288.jpg,282,Start on the panel-corner macro.
288,9.600000,00:09:18,09,Corner-radius macro,frames/0289.jpg,282,Start on the panel-corner macro.
289,9.633333,00:09:19,09,Corner-radius macro,frames/0290.jpg,282,Start on the panel-corner macro.
290,9.666667,00:09:20,09,Corner-radius macro,frames/0291.jpg,282,Start on the panel-corner macro.
291,9.700000,00:09:21,09,Corner-radius macro,frames/0292.jpg,291,Corner begins broadening.
292,9.733333,00:09:22,09,Corner-radius macro,frames/0293.jpg,291,Corner begins broadening.
293,9.766667,00:09:23,09,Corner-radius macro,frames/0294.jpg,291,Corner begins broadening.
294,9.800000,00:09:24,09,Corner-radius macro,frames/0295.jpg,291,Corner begins broadening.
295,9.833333,00:09:25,09,Corner-radius macro,frames/0296.jpg,291,Corner begins broadening.
296,9.866667,00:09:26,09,Corner-radius macro,frames/0297.jpg,291,Corner begins broadening.
297,9.900000,00:09:27,09,Corner-radius macro,frames/0298.jpg,291,Corner begins broadening.
298,9.933333,00:09:28,09,Corner-radius macro,frames/0299.jpg,291,Corner begins broadening.
299,9.966667,00:09:29,09,Corner-radius macro,frames/0300.jpg,299,Radius approaches the final curve.
300,10.000000,00:10:00,09,Corner-radius macro,frames/0301.jpg,299,Radius approaches the final curve.
301,10.033333,00:10:01,09,Corner-radius macro,frames/0302.jpg,299,Radius approaches the final curve.
302,10.066667,00:10:02,09,Corner-radius macro,frames/0303.jpg,299,Radius approaches the final curve.
303,10.100000,00:10:03,09,Corner-radius macro,frames/0304.jpg,299,Radius approaches the final curve.
304,10.133333,00:10:04,09,Corner-radius macro,frames/0305.jpg,304,Curve fills the lower-right quadrant.
305,10.166667,00:10:05,10,Viewport pulls back,frames/0306.jpg,305,Pull back to the entire viewport.
306,10.200000,00:10:06,10,Viewport pulls back,frames/0307.jpg,305,Pull back to the entire viewport.
307,10.233333,00:10:07,10,Viewport pulls back,frames/0308.jpg,305,Pull back to the entire viewport.
308,10.266667,00:10:08,10,Viewport pulls back,frames/0309.jpg,305,Pull back to the entire viewport.
309,10.300000,00:10:09,10,Viewport pulls back,frames/0310.jpg,309,Corner handles settle.
310,10.333333,00:10:10,10,Viewport pulls back,frames/0311.jpg,309,Corner handles settle.
311,10.366667,00:10:11,10,Viewport pulls back,frames/0312.jpg,309,Corner handles settle.
312,10.400000,00:10:12,10,Viewport pulls back,frames/0313.jpg,309,Corner handles settle.
313,10.433333,00:10:13,10,Viewport pulls back,frames/0314.jpg,309,Corner handles settle.
314,10.466667,00:10:14,10,Viewport pulls back,frames/0315.jpg,309,Corner handles settle.
315,10.500000,00:10:15,10,Viewport pulls back,frames/0316.jpg,315,Final empty window before the landscape is drawn.
316,10.533333,00:10:16,11,Illustrated world appears,frames/0317.jpg,316,Horizon gradient appears.
317,10.566667,00:10:17,11,Illustrated world appears,frames/0318.jpg,316,Horizon gradient appears.
318,10.600000,00:10:18,11,Illustrated world appears,frames/0319.jpg,316,Horizon gradient appears.
319,10.633333,00:10:19,11,Illustrated world appears,frames/0320.jpg,316,Horizon gradient appears.
320,10.666667,00:10:20,11,Illustrated world appears,frames/0321.jpg,316,Horizon gradient appears.
321,10.700000,00:10:21,11,Illustrated world appears,frames/0322.jpg,321,Distant left shelf becomes visible.
322,10.733333,00:10:22,11,Illustrated world appears,frames/0323.jpg,321,Distant left shelf becomes visible.
323,10.766667,00:10:23,11,Illustrated world appears,frames/0324.jpg,321,Distant left shelf becomes visible.
324,10.800000,00:10:24,11,Illustrated world appears,frames/0325.jpg,321,Distant left shelf becomes visible.
325,10.833333,00:10:25,11,Illustrated world appears,frames/0326.jpg,325,Right landform enters.
326,10.866667,00:10:26,11,Illustrated world appears,frames/0327.jpg,325,Right landform enters.
327,10.900000,00:10:27,11,Illustrated world appears,frames/0328.jpg,325,Right landform enters.
328,10.933333,00:10:28,11,Illustrated world appears,frames/0329.jpg,325,Right landform enters.
329,10.966667,00:10:29,11,Illustrated world appears,frames/0330.jpg,325,Right landform enters.
330,11.000000,00:11:00,11,Illustrated world appears,frames/0331.jpg,325,Right landform enters.
331,11.033333,00:11:01,11,Illustrated world appears,frames/0332.jpg,331,Foreground contours build toward camera.
332,11.066667,00:11:02,11,Illustrated world appears,frames/0333.jpg,331,Foreground contours build toward camera.
333,11.100000,00:11:03,11,Illustrated world appears,frames/0334.jpg,331,Foreground contours build toward camera.
334,11.133333,00:11:04,11,Illustrated world appears,frames/0335.jpg,331,Foreground contours build toward camera.
335,11.166667,00:11:05,11,Illustrated world appears,frames/0336.jpg,331,Foreground contours build toward camera.
336,11.200000,00:11:06,11,Illustrated world appears,frames/0337.jpg,331,Foreground contours build toward camera.
337,11.233333,00:11:07,11,Illustrated world appears,frames/0338.jpg,331,Foreground contours build toward camera.
338,11.266667,00:11:08,11,Illustrated world appears,frames/0339.jpg,338,Fine framing guides appear.
339,11.300000,00:11:09,11,Illustrated world appears,frames/0340.jpg,338,Fine framing guides appear.
340,11.333333,00:11:10,11,Illustrated world appears,frames/0341.jpg,338,Fine framing guides appear.
341,11.366667,00:11:11,11,Illustrated world appears,frames/0342.jpg,338,Fine framing guides appear.
342,11.400000,00:11:12,11,Illustrated world appears,frames/0343.jpg,338,Fine framing guides appear.
343,11.433333,00:11:13,11,Illustrated world appears,frames/0344.jpg,338,Fine framing guides appear.
344,11.466667,00:11:14,11,Illustrated world appears,frames/0345.jpg,338,Fine framing guides appear.
345,11.500000,00:11:15,11,Illustrated world appears,frames/0346.jpg,338,Fine framing guides appear.
346,11.533333,00:11:16,11,Illustrated world appears,frames/0347.jpg,346,Small Xem mark resolves.
347,11.566667,00:11:17,11,Illustrated world appears,frames/0348.jpg,346,Small Xem mark resolves.
348,11.600000,00:11:18,11,Illustrated world appears,frames/0349.jpg,348,Land on the completed illustrated viewport.
349,11.633333,00:11:19,12,Newsletter cover variants,frames/0350.jpg,349,First titled cover appears.
350,11.666667,00:11:20,12,Newsletter cover variants,frames/0351.jpg,349,First titled cover appears.
351,11.700000,00:11:21,12,Newsletter cover variants,frames/0352.jpg,349,First titled cover appears.
352,11.733333,00:11:22,12,Newsletter cover variants,frames/0353.jpg,349,First titled cover appears.
353,11.766667,00:11:23,12,Newsletter cover variants,frames/0354.jpg,349,First titled cover appears.
354,11.800000,00:11:24,12,Newsletter cover variants,frames/0355.jpg,354,Second terrain palette.
355,11.833333,00:11:25,12,Newsletter cover variants,frames/0356.jpg,354,Second terrain palette.
356,11.866667,00:11:26,12,Newsletter cover variants,frames/0357.jpg,354,Second terrain palette.
357,11.900000,00:11:27,12,Newsletter cover variants,frames/0358.jpg,357,Third palette begins.
358,11.933333,00:11:28,12,Newsletter cover variants,frames/0359.jpg,357,Third palette begins.
359,11.966667,00:11:29,12,Newsletter cover variants,frames/0360.jpg,357,Third palette begins.
360,12.000000,00:12:00,12,Newsletter cover variants,frames/0361.jpg,357,Third palette begins.
361,12.033333,00:12:01,12,Newsletter cover variants,frames/0362.jpg,357,Third palette begins.
362,12.066667,00:12:02,12,Newsletter cover variants,frames/0363.jpg,357,Third palette begins.
363,12.100000,00:12:03,12,Newsletter cover variants,frames/0364.jpg,357,Third palette begins.
364,12.133333,00:12:04,12,Newsletter cover variants,frames/0365.jpg,364,Rounded card boundaries become clear.
365,12.166667,00:12:05,12,Newsletter cover variants,frames/0366.jpg,364,Rounded card boundaries become clear.
366,12.200000,00:12:06,12,Newsletter cover variants,frames/0367.jpg,366,Card is ready to pull back into the montage.
367,12.233333,00:12:07,13,Whole email world montage,frames/0368.jpg,367,Center cover begins shrinking.
368,12.266667,00:12:08,13,Whole email world montage,frames/0369.jpg,367,Center cover begins shrinking.
369,12.300000,00:12:09,13,Whole email world montage,frames/0370.jpg,367,Center cover begins shrinking.
370,12.333333,00:12:10,13,Whole email world montage,frames/0371.jpg,367,Center cover begins shrinking.
371,12.366667,00:12:11,13,Whole email world montage,frames/0372.jpg,371,Left interface panel appears.
372,12.400000,00:12:12,13,Whole email world montage,frames/0373.jpg,371,Left interface panel appears.
373,12.433333,00:12:13,13,Whole email world montage,frames/0374.jpg,371,Left interface panel appears.
374,12.466667,00:12:14,13,Whole email world montage,frames/0375.jpg,371,Left interface panel appears.
375,12.500000,00:12:15,13,Whole email world montage,frames/0376.jpg,371,Left interface panel appears.
376,12.533333,00:12:16,13,Whole email world montage,frames/0377.jpg,376,Upper-right cover enters.
377,12.566667,00:12:17,13,Whole email world montage,frames/0378.jpg,376,Upper-right cover enters.
378,12.600000,00:12:18,13,Whole email world montage,frames/0379.jpg,376,Upper-right cover enters.
379,12.633333,00:12:19,13,Whole email world montage,frames/0380.jpg,376,Upper-right cover enters.
380,12.666667,00:12:20,13,Whole email world montage,frames/0381.jpg,380,Right object panel appears.
381,12.700000,00:12:21,13,Whole email world montage,frames/0382.jpg,380,Right object panel appears.
382,12.733333,00:12:22,13,Whole email world montage,frames/0383.jpg,380,Right object panel appears.
383,12.766667,00:12:23,13,Whole email world montage,frames/0384.jpg,380,Right object panel appears.
384,12.800000,00:12:24,13,Whole email world montage,frames/0385.jpg,380,Right object panel appears.
385,12.833333,00:12:25,13,Whole email world montage,frames/0386.jpg,380,Right object panel appears.
386,12.866667,00:12:26,13,Whole email world montage,frames/0387.jpg,380,Right object panel appears.
387,12.900000,00:12:27,13,Whole email world montage,frames/0388.jpg,380,Right object panel appears.
388,12.933333,00:12:28,13,Whole email world montage,frames/0389.jpg,388,Lower row arrives.
389,12.966667,00:12:29,13,Whole email world montage,frames/0390.jpg,388,Lower row arrives.
390,13.000000,00:13:00,13,Whole email world montage,frames/0391.jpg,388,Lower row arrives.
391,13.033333,00:13:01,13,Whole email world montage,frames/0392.jpg,388,Lower row arrives.
392,13.066667,00:13:02,13,Whole email world montage,frames/0393.jpg,388,Lower row arrives.
393,13.100000,00:13:03,13,Whole email world montage,frames/0394.jpg,388,Lower row arrives.
394,13.133333,00:13:04,13,Whole email world montage,frames/0395.jpg,394,Top center template tile becomes visible.
395,13.166667,00:13:05,13,Whole email world montage,frames/0396.jpg,394,Top center template tile becomes visible.
396,13.200000,00:13:06,13,Whole email world montage,frames/0397.jpg,394,Top center template tile becomes visible.
397,13.233333,00:13:07,13,Whole email world montage,frames/0398.jpg,394,Top center template tile becomes visible.
398,13.266667,00:13:08,13,Whole email world montage,frames/0399.jpg,394,Top center template tile becomes visible.
399,13.300000,00:13:09,13,Whole email world montage,frames/0400.jpg,394,Top center template tile becomes visible.
400,13.333333,00:13:10,13,Whole email world montage,frames/0401.jpg,400,Full mosaic is legible.
401,13.366667,00:13:11,13,Whole email world montage,frames/0402.jpg,400,Full mosaic is legible.
402,13.400000,00:13:12,13,Whole email world montage,frames/0403.jpg,400,Full mosaic is legible.
403,13.433333,00:13:13,13,Whole email world montage,frames/0404.jpg,400,Full mosaic is legible.
404,13.466667,00:13:14,13,Whole email world montage,frames/0405.jpg,400,Full mosaic is legible.
405,13.500000,00:13:15,13,Whole email world montage,frames/0406.jpg,400,Full mosaic is legible.
406,13.533333,00:13:16,13,Whole email world montage,frames/0407.jpg,400,Full mosaic is legible.
407,13.566667,00:13:17,13,Whole email world montage,frames/0408.jpg,400,Full mosaic is legible.
408,13.600000,00:13:18,13,Whole email world montage,frames/0409.jpg,400,Full mosaic is legible.
409,13.633333,00:13:19,13,Whole email world montage,frames/0410.jpg,400,Full mosaic is legible.
410,13.666667,00:13:20,13,Whole email world montage,frames/0411.jpg,400,Full mosaic is legible.
411,13.700000,00:13:21,13,Whole email world montage,frames/0412.jpg,400,Full mosaic is legible.
412,13.733333,00:13:22,13,Whole email world montage,frames/0413.jpg,400,Full mosaic is legible.
413,13.766667,00:13:23,13,Whole email world montage,frames/0414.jpg,400,Full mosaic is legible.
414,13.800000,00:13:24,13,Whole email world montage,frames/0415.jpg,414,Final dense system view.
415,13.833333,00:13:25,14,Mail-capsule sketch,frames/0416.jpg,415,Wireframe capsule appears on the construction grid.
416,13.866667,00:13:26,14,Mail-capsule sketch,frames/0417.jpg,415,Wireframe capsule appears on the construction grid.
417,13.900000,00:13:27,14,Mail-capsule sketch,frames/0418.jpg,415,Wireframe capsule appears on the construction grid.
418,13.933333,00:13:28,14,Mail-capsule sketch,frames/0419.jpg,415,Wireframe capsule appears on the construction grid.
419,13.966667,00:13:29,14,Mail-capsule sketch,frames/0420.jpg,415,Wireframe capsule appears on the construction grid.
420,14.000000,00:14:00,14,Mail-capsule sketch,frames/0421.jpg,415,Wireframe capsule appears on the construction grid.
421,14.033333,00:14:01,14,Mail-capsule sketch,frames/0422.jpg,415,Wireframe capsule appears on the construction grid.
422,14.066667,00:14:02,14,Mail-capsule sketch,frames/0423.jpg,415,Wireframe capsule appears on the construction grid.
423,14.100000,00:14:03,14,Mail-capsule sketch,frames/0424.jpg,415,Wireframe capsule appears on the construction grid.
424,14.133333,00:14:04,14,Mail-capsule sketch,frames/0425.jpg,424,Body turns through its side view.
425,14.166667,00:14:05,14,Mail-capsule sketch,frames/0426.jpg,424,Body turns through its side view.
426,14.200000,00:14:06,14,Mail-capsule sketch,frames/0427.jpg,424,Body turns through its side view.
427,14.233333,00:14:07,14,Mail-capsule sketch,frames/0428.jpg,424,Body turns through its side view.
428,14.266667,00:14:08,14,Mail-capsule sketch,frames/0429.jpg,424,Body turns through its side view.
429,14.300000,00:14:09,14,Mail-capsule sketch,frames/0430.jpg,424,Body turns through its side view.
430,14.333333,00:14:10,14,Mail-capsule sketch,frames/0431.jpg,424,Body turns through its side view.
431,14.366667,00:14:11,14,Mail-capsule sketch,frames/0432.jpg,424,Body turns through its side view.
432,14.400000,00:14:12,14,Mail-capsule sketch,frames/0433.jpg,424,Body turns through its side view.
433,14.433333,00:14:13,14,Mail-capsule sketch,frames/0434.jpg,424,Body turns through its side view.
434,14.466667,00:14:14,14,Mail-capsule sketch,frames/0435.jpg,434,Front fold/seam comes back into view.
435,14.500000,00:14:15,14,Mail-capsule sketch,frames/0436.jpg,434,Front fold/seam comes back into view.
436,14.533333,00:14:16,14,Mail-capsule sketch,frames/0437.jpg,434,Front fold/seam comes back into view.
437,14.566667,00:14:17,14,Mail-capsule sketch,frames/0438.jpg,434,Front fold/seam comes back into view.
438,14.600000,00:14:18,14,Mail-capsule sketch,frames/0439.jpg,434,Front fold/seam comes back into view.
439,14.633333,00:14:19,14,Mail-capsule sketch,frames/0440.jpg,434,Front fold/seam comes back into view.
440,14.666667,00:14:20,14,Mail-capsule sketch,frames/0441.jpg,440,Background brightens.
441,14.700000,00:14:21,14,Mail-capsule sketch,frames/0442.jpg,440,Background brightens.
442,14.733333,00:14:22,14,Mail-capsule sketch,frames/0443.jpg,440,Background brightens.
443,14.766667,00:14:23,14,Mail-capsule sketch,frames/0444.jpg,443,Last unfilled sketch frame.
444,14.800000,00:14:24,15,Capsule gains a world,frames/0445.jpg,444,Material fill appears on the wireframe.
445,14.833333,00:14:25,15,Capsule gains a world,frames/0446.jpg,444,Material fill appears on the wireframe.
446,14.866667,00:14:26,15,Capsule gains a world,frames/0447.jpg,446,Sky color begins entering.
447,14.900000,00:14:27,15,Capsule gains a world,frames/0448.jpg,446,Sky color begins entering.
448,14.933333,00:14:28,15,Capsule gains a world,frames/0449.jpg,448,Right wall appears.
449,14.966667,00:14:29,15,Capsule gains a world,frames/0450.jpg,448,Right wall appears.
450,15.000000,00:15:00,15,Capsule gains a world,frames/0451.jpg,450,Left canyon face builds.
451,15.033333,00:15:01,15,Capsule gains a world,frames/0452.jpg,450,Left canyon face builds.
452,15.066667,00:15:02,15,Capsule gains a world,frames/0453.jpg,452,Forest foreground enters.
453,15.100000,00:15:03,15,Capsule gains a world,frames/0454.jpg,452,Forest foreground enters.
454,15.133333,00:15:04,15,Capsule gains a world,frames/0455.jpg,452,Forest foreground enters.
455,15.166667,00:15:05,15,Capsule gains a world,frames/0456.jpg,452,Forest foreground enters.
456,15.200000,00:15:06,15,Capsule gains a world,frames/0457.jpg,452,Forest foreground enters.
457,15.233333,00:15:07,15,Capsule gains a world,frames/0458.jpg,452,Forest foreground enters.
458,15.266667,00:15:08,15,Capsule gains a world,frames/0459.jpg,458,The complete world holds for traversal.
459,15.300000,00:15:09,16,Travel through the canyon,frames/0460.jpg,459,Lateral traversal starts.
460,15.333333,00:15:10,16,Travel through the canyon,frames/0461.jpg,459,Lateral traversal starts.
461,15.366667,00:15:11,16,Travel through the canyon,frames/0462.jpg,459,Lateral traversal starts.
462,15.400000,00:15:12,16,Travel through the canyon,frames/0463.jpg,459,Lateral traversal starts.
463,15.433333,00:15:13,16,Travel through the canyon,frames/0464.jpg,459,Lateral traversal starts.
464,15.466667,00:15:14,16,Travel through the canyon,frames/0465.jpg,459,Lateral traversal starts.
465,15.500000,00:15:15,16,Travel through the canyon,frames/0466.jpg,459,Lateral traversal starts.
466,15.533333,00:15:16,16,Travel through the canyon,frames/0467.jpg,459,Lateral traversal starts.
467,15.566667,00:15:17,16,Travel through the canyon,frames/0468.jpg,467,Capsule nears the left canyon edge.
468,15.600000,00:15:18,16,Travel through the canyon,frames/0469.jpg,467,Capsule nears the left canyon edge.
469,15.633333,00:15:19,16,Travel through the canyon,frames/0470.jpg,467,Capsule nears the left canyon edge.
470,15.666667,00:15:20,16,Travel through the canyon,frames/0471.jpg,467,Capsule nears the left canyon edge.
471,15.700000,00:15:21,16,Travel through the canyon,frames/0472.jpg,467,Capsule nears the left canyon edge.
472,15.733333,00:15:22,16,Travel through the canyon,frames/0473.jpg,467,Capsule nears the left canyon edge.
473,15.766667,00:15:23,16,Travel through the canyon,frames/0474.jpg,467,Capsule nears the left canyon edge.
474,15.800000,00:15:24,16,Travel through the canyon,frames/0475.jpg,467,Capsule nears the left canyon edge.
475,15.833333,00:15:25,16,Travel through the canyon,frames/0476.jpg,475,Its upward path begins.
476,15.866667,00:15:26,16,Travel through the canyon,frames/0477.jpg,475,Its upward path begins.
477,15.900000,00:15:27,16,Travel through the canyon,frames/0478.jpg,475,Its upward path begins.
478,15.933333,00:15:28,16,Travel through the canyon,frames/0479.jpg,475,Its upward path begins.
479,15.966667,00:15:29,16,Travel through the canyon,frames/0480.jpg,475,Its upward path begins.
480,16.000000,00:16:00,16,Travel through the canyon,frames/0481.jpg,475,Its upward path begins.
481,16.033333,00:16:01,16,Travel through the canyon,frames/0482.jpg,481,Capsule scales down as it rises.
482,16.066667,00:16:02,16,Travel through the canyon,frames/0483.jpg,481,Capsule scales down as it rises.
483,16.100000,00:16:03,16,Travel through the canyon,frames/0484.jpg,481,Capsule scales down as it rises.
484,16.133333,00:16:04,16,Travel through the canyon,frames/0485.jpg,481,Capsule scales down as it rises.
485,16.166667,00:16:05,16,Travel through the canyon,frames/0486.jpg,481,Capsule scales down as it rises.
486,16.200000,00:16:06,16,Travel through the canyon,frames/0487.jpg,486,It reaches the high position for the beam.
487,16.233333,00:16:07,17,A message in the light,frames/0488.jpg,487,A narrow beam extends downward.
488,16.266667,00:16:08,17,A message in the light,frames/0489.jpg,487,A narrow beam extends downward.
489,16.300000,00:16:09,17,A message in the light,frames/0490.jpg,487,A narrow beam extends downward.
490,16.333333,00:16:10,17,A message in the light,frames/0491.jpg,487,A narrow beam extends downward.
491,16.366667,00:16:11,17,A message in the light,frames/0492.jpg,487,A narrow beam extends downward.
492,16.400000,00:16:12,17,A message in the light,frames/0493.jpg,492,Beam begins widening.
493,16.433333,00:16:13,17,A message in the light,frames/0494.jpg,492,Beam begins widening.
494,16.466667,00:16:14,17,A message in the light,frames/0495.jpg,492,Beam begins widening.
495,16.500000,00:16:15,17,A message in the light,frames/0496.jpg,492,Beam begins widening.
496,16.533333,00:16:16,17,A message in the light,frames/0497.jpg,496,Full light cone is visible.
497,16.566667,00:16:17,17,A message in the light,frames/0498.jpg,496,Full light cone is visible.
498,16.600000,00:16:18,17,A message in the light,frames/0499.jpg,496,Full light cone is visible.
499,16.633333,00:16:19,17,A message in the light,frames/0500.jpg,496,Full light cone is visible.
500,16.666667,00:16:20,17,A message in the light,frames/0501.jpg,496,Full light cone is visible.
501,16.700000,00:16:21,17,A message in the light,frames/0502.jpg,501,Folded email payload appears inside the cone.
502,16.733333,00:16:22,17,A message in the light,frames/0503.jpg,501,Folded email payload appears inside the cone.
503,16.766667,00:16:23,17,A message in the light,frames/0504.jpg,501,Folded email payload appears inside the cone.
504,16.800000,00:16:24,17,A message in the light,frames/0505.jpg,501,Folded email payload appears inside the cone.
505,16.833333,00:16:25,17,A message in the light,frames/0506.jpg,501,Folded email payload appears inside the cone.
506,16.866667,00:16:26,17,A message in the light,frames/0507.jpg,501,Folded email payload appears inside the cone.
507,16.900000,00:16:27,17,A message in the light,frames/0508.jpg,501,Folded email payload appears inside the cone.
508,16.933333,00:16:28,17,A message in the light,frames/0509.jpg,501,Folded email payload appears inside the cone.
509,16.966667,00:16:29,17,A message in the light,frames/0510.jpg,501,Folded email payload appears inside the cone.
510,17.000000,00:17:00,17,A message in the light,frames/0511.jpg,501,Folded email payload appears inside the cone.
511,17.033333,00:17:01,17,A message in the light,frames/0512.jpg,501,Folded email payload appears inside the cone.
512,17.066667,00:17:02,17,A message in the light,frames/0513.jpg,501,Folded email payload appears inside the cone.
513,17.100000,00:17:03,17,A message in the light,frames/0514.jpg,513,Payload and capsule continue their small coupled movement.
514,17.133333,00:17:04,17,A message in the light,frames/0515.jpg,513,Payload and capsule continue their small coupled movement.
515,17.166667,00:17:05,17,A message in the light,frames/0516.jpg,513,Payload and capsule continue their small coupled movement.
516,17.200000,00:17:06,17,A message in the light,frames/0517.jpg,513,Payload and capsule continue their small coupled movement.
517,17.233333,00:17:07,17,A message in the light,frames/0518.jpg,513,Payload and capsule continue their small coupled movement.
518,17.266667,00:17:08,17,A message in the light,frames/0519.jpg,513,Payload and capsule continue their small coupled movement.
519,17.300000,00:17:09,17,A message in the light,frames/0520.jpg,513,Payload and capsule continue their small coupled movement.
520,17.333333,00:17:10,17,A message in the light,frames/0521.jpg,513,Payload and capsule continue their small coupled movement.
521,17.366667,00:17:11,17,A message in the light,frames/0522.jpg,513,Payload and capsule continue their small coupled movement.
522,17.400000,00:17:12,17,A message in the light,frames/0523.jpg,522,Last pastel-world beam frame.
523,17.433333,00:17:13,18,World changes and line bridge,frames/0524.jpg,523,First terrain cut.
524,17.466667,00:17:14,18,World changes and line bridge,frames/0525.jpg,523,First terrain cut.
525,17.500000,00:17:15,18,World changes and line bridge,frames/0526.jpg,523,First terrain cut.
526,17.533333,00:17:16,18,World changes and line bridge,frames/0527.jpg,523,First terrain cut.
527,17.566667,00:17:17,18,World changes and line bridge,frames/0528.jpg,527,Second terrain cut.
528,17.600000,00:17:18,18,World changes and line bridge,frames/0529.jpg,527,Second terrain cut.
529,17.633333,00:17:19,18,World changes and line bridge,frames/0530.jpg,527,Second terrain cut.
530,17.666667,00:17:20,18,World changes and line bridge,frames/0531.jpg,527,Second terrain cut.
531,17.700000,00:17:21,18,World changes and line bridge,frames/0532.jpg,531,Forest valley cut.
532,17.733333,00:17:22,18,World changes and line bridge,frames/0533.jpg,531,Forest valley cut.
533,17.766667,00:17:23,18,World changes and line bridge,frames/0534.jpg,531,Forest valley cut.
534,17.800000,00:17:24,18,World changes and line bridge,frames/0535.jpg,534,Capsule leaves the frame; beam reduces to rays.
535,17.833333,00:17:25,18,World changes and line bridge,frames/0536.jpg,534,Capsule leaves the frame; beam reduces to rays.
536,17.866667,00:17:26,18,World changes and line bridge,frames/0537.jpg,534,Capsule leaves the frame; beam reduces to rays.
537,17.900000,00:17:27,18,World changes and line bridge,frames/0538.jpg,534,Capsule leaves the frame; beam reduces to rays.
538,17.933333,00:17:28,18,World changes and line bridge,frames/0539.jpg,534,Capsule leaves the frame; beam reduces to rays.
539,17.966667,00:17:29,18,World changes and line bridge,frames/0540.jpg,534,Capsule leaves the frame; beam reduces to rays.
540,18.000000,00:18:00,18,World changes and line bridge,frames/0541.jpg,540,Rays and perspective point remain.
541,18.033333,00:18:01,18,World changes and line bridge,frames/0542.jpg,540,Rays and perspective point remain.
542,18.066667,00:18:02,18,World changes and line bridge,frames/0543.jpg,540,Rays and perspective point remain.
543,18.100000,00:18:03,18,World changes and line bridge,frames/0544.jpg,540,Rays and perspective point remain.
544,18.133333,00:18:04,18,World changes and line bridge,frames/0545.jpg,540,Rays and perspective point remain.
545,18.166667,00:18:05,18,World changes and line bridge,frames/0546.jpg,540,Rays and perspective point remain.
546,18.200000,00:18:06,18,World changes and line bridge,frames/0547.jpg,540,Rays and perspective point remain.
547,18.233333,00:18:07,18,World changes and line bridge,frames/0548.jpg,547,Final landscape frame before the dark match cut.
548,18.266667,00:18:08,19,Icon seed,frames/0549.jpg,548,Dark match cut; rays remain aligned.
549,18.300000,00:18:09,19,Icon seed,frames/0550.jpg,548,Dark match cut; rays remain aligned.
550,18.333333,00:18:10,19,Icon seed,frames/0551.jpg,548,Dark match cut; rays remain aligned.
551,18.366667,00:18:11,19,Icon seed,frames/0552.jpg,548,Dark match cut; rays remain aligned.
552,18.400000,00:18:12,19,Icon seed,frames/0553.jpg,548,Dark match cut; rays remain aligned.
553,18.433333,00:18:13,19,Icon seed,frames/0554.jpg,548,Dark match cut; rays remain aligned.
554,18.466667,00:18:14,19,Icon seed,frames/0555.jpg,548,Dark match cut; rays remain aligned.
555,18.500000,00:18:15,19,Icon seed,frames/0556.jpg,555,Ray field starts shrinking.
556,18.533333,00:18:16,19,Icon seed,frames/0557.jpg,555,Ray field starts shrinking.
557,18.566667,00:18:17,19,Icon seed,frames/0558.jpg,555,Ray field starts shrinking.
558,18.600000,00:18:18,19,Icon seed,frames/0559.jpg,555,Ray field starts shrinking.
559,18.633333,00:18:19,19,Icon seed,frames/0560.jpg,555,Ray field starts shrinking.
560,18.666667,00:18:20,19,Icon seed,frames/0561.jpg,555,Ray field starts shrinking.
561,18.700000,00:18:21,19,Icon seed,frames/0562.jpg,561,Node diagram reaches icon scale.
562,18.733333,00:18:22,19,Icon seed,frames/0563.jpg,561,Node diagram reaches icon scale.
563,18.766667,00:18:23,19,Icon seed,frames/0564.jpg,561,Node diagram reaches icon scale.
564,18.800000,00:18:24,19,Icon seed,frames/0565.jpg,561,Node diagram reaches icon scale.
565,18.833333,00:18:25,19,Icon seed,frames/0566.jpg,561,Node diagram reaches icon scale.
566,18.866667,00:18:26,19,Icon seed,frames/0567.jpg,561,Node diagram reaches icon scale.
567,18.900000,00:18:27,19,Icon seed,frames/0568.jpg,561,Node diagram reaches icon scale.
568,18.933333,00:18:28,19,Icon seed,frames/0569.jpg,568,Fine endpoint details settle.
569,18.966667,00:18:29,19,Icon seed,frames/0570.jpg,568,Fine endpoint details settle.
570,19.000000,00:19:00,19,Icon seed,frames/0571.jpg,568,Fine endpoint details settle.
571,19.033333,00:19:01,19,Icon seed,frames/0572.jpg,568,Fine endpoint details settle.
572,19.066667,00:19:02,19,Icon seed,frames/0573.jpg,572,Hold the seed before adjacent icons arrive.
573,19.100000,00:19:03,20,Icon system expands,frames/0574.jpg,573,Second icon enters.
574,19.133333,00:19:04,20,Icon system expands,frames/0575.jpg,573,Second icon enters.
575,19.166667,00:19:05,20,Icon system expands,frames/0576.jpg,573,Second icon enters.
576,19.200000,00:19:06,20,Icon system expands,frames/0577.jpg,573,Second icon enters.
577,19.233333,00:19:07,20,Icon system expands,frames/0578.jpg,573,Second icon enters.
578,19.266667,00:19:08,20,Icon system expands,frames/0579.jpg,573,Second icon enters.
579,19.300000,00:19:09,20,Icon system expands,frames/0580.jpg,573,Second icon enters.
580,19.333333,00:19:10,20,Icon system expands,frames/0581.jpg,580,First row develops.
581,19.366667,00:19:11,20,Icon system expands,frames/0582.jpg,580,First row develops.
582,19.400000,00:19:12,20,Icon system expands,frames/0583.jpg,580,First row develops.
583,19.433333,00:19:13,20,Icon system expands,frames/0584.jpg,580,First row develops.
584,19.466667,00:19:14,20,Icon system expands,frames/0585.jpg,580,First row develops.
585,19.500000,00:19:15,20,Icon system expands,frames/0586.jpg,580,First row develops.
586,19.533333,00:19:16,20,Icon system expands,frames/0587.jpg,580,First row develops.
587,19.566667,00:19:17,20,Icon system expands,frames/0588.jpg,580,First row develops.
588,19.600000,00:19:18,20,Icon system expands,frames/0589.jpg,580,First row develops.
589,19.633333,00:19:19,20,Icon system expands,frames/0590.jpg,589,Second row grows.
590,19.666667,00:19:20,20,Icon system expands,frames/0591.jpg,589,Second row grows.
591,19.700000,00:19:21,20,Icon system expands,frames/0592.jpg,589,Second row grows.
592,19.733333,00:19:22,20,Icon system expands,frames/0593.jpg,589,Second row grows.
593,19.766667,00:19:23,20,Icon system expands,frames/0594.jpg,589,Second row grows.
594,19.800000,00:19:24,20,Icon system expands,frames/0595.jpg,589,Second row grows.
595,19.833333,00:19:25,20,Icon system expands,frames/0596.jpg,589,Second row grows.
596,19.866667,00:19:26,20,Icon system expands,frames/0597.jpg,589,Second row grows.
597,19.900000,00:19:27,20,Icon system expands,frames/0598.jpg,589,Second row grows.
598,19.933333,00:19:28,20,Icon system expands,frames/0599.jpg,589,Second row grows.
599,19.966667,00:19:29,20,Icon system expands,frames/0600.jpg,599,Camera reveals a larger grid.
600,20.000000,00:20:00,20,Icon system expands,frames/0601.jpg,599,Camera reveals a larger grid.
601,20.033333,00:20:01,20,Icon system expands,frames/0602.jpg,599,Camera reveals a larger grid.
602,20.066667,00:20:02,20,Icon system expands,frames/0603.jpg,599,Camera reveals a larger grid.
603,20.100000,00:20:03,20,Icon system expands,frames/0604.jpg,599,Camera reveals a larger grid.
604,20.133333,00:20:04,20,Icon system expands,frames/0605.jpg,599,Camera reveals a larger grid.
605,20.166667,00:20:05,20,Icon system expands,frames/0606.jpg,599,Camera reveals a larger grid.
606,20.200000,00:20:06,20,Icon system expands,frames/0607.jpg,599,Camera reveals a larger grid.
607,20.233333,00:20:07,20,Icon system expands,frames/0608.jpg,599,Camera reveals a larger grid.
608,20.266667,00:20:08,20,Icon system expands,frames/0609.jpg,599,Camera reveals a larger grid.
609,20.300000,00:20:09,20,Icon system expands,frames/0610.jpg,609,Outer columns arrive.
610,20.333333,00:20:10,20,Icon system expands,frames/0611.jpg,609,Outer columns arrive.
611,20.366667,00:20:11,20,Icon system expands,frames/0612.jpg,609,Outer columns arrive.
612,20.400000,00:20:12,20,Icon system expands,frames/0613.jpg,609,Outer columns arrive.
613,20.433333,00:20:13,20,Icon system expands,frames/0614.jpg,609,Outer columns arrive.
614,20.466667,00:20:14,20,Icon system expands,frames/0615.jpg,609,Outer columns arrive.
615,20.500000,00:20:15,20,Icon system expands,frames/0616.jpg,609,Outer columns arrive.
616,20.533333,00:20:16,20,Icon system expands,frames/0617.jpg,609,Outer columns arrive.
617,20.566667,00:20:17,20,Icon system expands,frames/0618.jpg,609,Outer columns arrive.
618,20.600000,00:20:18,20,Icon system expands,frames/0619.jpg,609,Outer columns arrive.
619,20.633333,00:20:19,20,Icon system expands,frames/0620.jpg,609,Outer columns arrive.
620,20.666667,00:20:20,20,Icon system expands,frames/0621.jpg,620,Dense icon system is visible.
621,20.700000,00:20:21,20,Icon system expands,frames/0622.jpg,620,Dense icon system is visible.
622,20.733333,00:20:22,20,Icon system expands,frames/0623.jpg,620,Dense icon system is visible.
623,20.766667,00:20:23,20,Icon system expands,frames/0624.jpg,620,Dense icon system is visible.
624,20.800000,00:20:24,20,Icon system expands,frames/0625.jpg,620,Dense icon system is visible.
625,20.833333,00:20:25,20,Icon system expands,frames/0626.jpg,620,Dense icon system is visible.
626,20.866667,00:20:26,20,Icon system expands,frames/0627.jpg,620,Dense icon system is visible.
627,20.900000,00:20:27,20,Icon system expands,frames/0628.jpg,620,Dense icon system is visible.
628,20.933333,00:20:28,20,Icon system expands,frames/0629.jpg,620,Dense icon system is visible.
629,20.966667,00:20:29,20,Icon system expands,frames/0630.jpg,620,Dense icon system is visible.
630,21.000000,00:21:00,20,Icon system expands,frames/0631.jpg,620,Dense icon system is visible.
631,21.033333,00:21:01,20,Icon system expands,frames/0632.jpg,620,Dense icon system is visible.
632,21.066667,00:21:02,20,Icon system expands,frames/0633.jpg,620,Dense icon system is visible.
633,21.100000,00:21:03,20,Icon system expands,frames/0634.jpg,620,Dense icon system is visible.
634,21.133333,00:21:04,20,Icon system expands,frames/0635.jpg,620,Dense icon system is visible.
635,21.166667,00:21:05,20,Icon system expands,frames/0636.jpg,620,Dense icon system is visible.
636,21.200000,00:21:06,20,Icon system expands,frames/0637.jpg,636,Last dark grid frame.
637,21.233333,00:21:07,21,The real website on a laptop,frames/0638.jpg,637,Laptop enters the terrain composition.
638,21.266667,00:21:08,21,The real website on a laptop,frames/0639.jpg,637,Laptop enters the terrain composition.
639,21.300000,00:21:09,21,The real website on a laptop,frames/0640.jpg,637,Laptop enters the terrain composition.
640,21.333333,00:21:10,21,The real website on a laptop,frames/0641.jpg,637,Laptop enters the terrain composition.
641,21.366667,00:21:11,21,The real website on a laptop,frames/0642.jpg,637,Laptop enters the terrain composition.
642,21.400000,00:21:12,21,The real website on a laptop,frames/0643.jpg,637,Laptop enters the terrain composition.
643,21.433333,00:21:13,21,The real website on a laptop,frames/0644.jpg,637,Laptop enters the terrain composition.
644,21.466667,00:21:14,21,The real website on a laptop,frames/0645.jpg,637,Laptop enters the terrain composition.
645,21.500000,00:21:15,21,The real website on a laptop,frames/0646.jpg,645,Camera pushes closer.
646,21.533333,00:21:16,21,The real website on a laptop,frames/0647.jpg,645,Camera pushes closer.
647,21.566667,00:21:17,21,The real website on a laptop,frames/0648.jpg,645,Camera pushes closer.
648,21.600000,00:21:18,21,The real website on a laptop,frames/0649.jpg,645,Camera pushes closer.
649,21.633333,00:21:19,21,The real website on a laptop,frames/0650.jpg,645,Camera pushes closer.
650,21.666667,00:21:20,21,The real website on a laptop,frames/0651.jpg,645,Camera pushes closer.
651,21.700000,00:21:21,21,The real website on a laptop,frames/0652.jpg,645,Camera pushes closer.
652,21.733333,00:21:22,21,The real website on a laptop,frames/0653.jpg,645,Camera pushes closer.
653,21.766667,00:21:23,21,The real website on a laptop,frames/0654.jpg,653,Page begins traveling toward the hero.
654,21.800000,00:21:24,21,The real website on a laptop,frames/0655.jpg,653,Page begins traveling toward the hero.
655,21.833333,00:21:25,21,The real website on a laptop,frames/0656.jpg,653,Page begins traveling toward the hero.
656,21.866667,00:21:26,21,The real website on a laptop,frames/0657.jpg,653,Page begins traveling toward the hero.
657,21.900000,00:21:27,21,The real website on a laptop,frames/0658.jpg,653,Page begins traveling toward the hero.
658,21.933333,00:21:28,21,The real website on a laptop,frames/0659.jpg,653,Page begins traveling toward the hero.
659,21.966667,00:21:29,21,The real website on a laptop,frames/0660.jpg,653,Page begins traveling toward the hero.
660,22.000000,00:22:00,21,The real website on a laptop,frames/0661.jpg,653,Page begins traveling toward the hero.
661,22.033333,00:22:01,21,The real website on a laptop,frames/0662.jpg,661,Headline becomes the screen's main feature.
662,22.066667,00:22:02,21,The real website on a laptop,frames/0663.jpg,661,Headline becomes the screen's main feature.
663,22.100000,00:22:03,21,The real website on a laptop,frames/0664.jpg,661,Headline becomes the screen's main feature.
664,22.133333,00:22:04,21,The real website on a laptop,frames/0665.jpg,661,Headline becomes the screen's main feature.
665,22.166667,00:22:05,21,The real website on a laptop,frames/0666.jpg,661,Headline becomes the screen's main feature.
666,22.200000,00:22:06,21,The real website on a laptop,frames/0667.jpg,661,Headline becomes the screen's main feature.
667,22.233333,00:22:07,21,The real website on a laptop,frames/0668.jpg,661,Headline becomes the screen's main feature.
668,22.266667,00:22:08,21,The real website on a laptop,frames/0669.jpg,661,Headline becomes the screen's main feature.
669,22.300000,00:22:09,21,The real website on a laptop,frames/0670.jpg,669,Hero artwork and heading are fully visible.
670,22.333333,00:22:10,21,The real website on a laptop,frames/0671.jpg,669,Hero artwork and heading are fully visible.
671,22.366667,00:22:11,21,The real website on a laptop,frames/0672.jpg,669,Hero artwork and heading are fully visible.
672,22.400000,00:22:12,21,The real website on a laptop,frames/0673.jpg,669,Hero artwork and heading are fully visible.
673,22.433333,00:22:13,21,The real website on a laptop,frames/0674.jpg,669,Hero artwork and heading are fully visible.
674,22.466667,00:22:14,21,The real website on a laptop,frames/0675.jpg,669,Hero artwork and heading are fully visible.
675,22.500000,00:22:15,21,The real website on a laptop,frames/0676.jpg,669,Hero artwork and heading are fully visible.
676,22.533333,00:22:16,21,The real website on a laptop,frames/0677.jpg,669,Hero artwork and heading are fully visible.
677,22.566667,00:22:17,21,The real website on a laptop,frames/0678.jpg,669,Hero artwork and heading are fully visible.
678,22.600000,00:22:18,21,The real website on a laptop,frames/0679.jpg,678,Laptop and page settle.
679,22.633333,00:22:19,22,Physical brand triptych,frames/0680.jpg,679,Cap panel appears.
680,22.666667,00:22:20,22,Physical brand triptych,frames/0681.jpg,679,Cap panel appears.
681,22.700000,00:22:21,22,Physical brand triptych,frames/0682.jpg,679,Cap panel appears.
682,22.733333,00:22:22,22,Physical brand triptych,frames/0683.jpg,679,Cap panel appears.
683,22.766667,00:22:23,22,Physical brand triptych,frames/0684.jpg,683,Poster panel enters.
684,22.800000,00:22:24,22,Physical brand triptych,frames/0685.jpg,683,Poster panel enters.
685,22.833333,00:22:25,22,Physical brand triptych,frames/0686.jpg,683,Poster panel enters.
686,22.866667,00:22:26,22,Physical brand triptych,frames/0687.jpg,683,Poster panel enters.
687,22.900000,00:22:27,22,Physical brand triptych,frames/0688.jpg,687,Sweatshirt panel enters edge-on.
688,22.933333,00:22:28,22,Physical brand triptych,frames/0689.jpg,687,Sweatshirt panel enters edge-on.
689,22.966667,00:22:29,22,Physical brand triptych,frames/0690.jpg,687,Sweatshirt panel enters edge-on.
690,23.000000,00:23:00,22,Physical brand triptych,frames/0691.jpg,687,Sweatshirt panel enters edge-on.
691,23.033333,00:23:01,22,Physical brand triptych,frames/0692.jpg,687,Sweatshirt panel enters edge-on.
692,23.066667,00:23:02,22,Physical brand triptych,frames/0693.jpg,687,Sweatshirt panel enters edge-on.
693,23.100000,00:23:03,22,Physical brand triptych,frames/0694.jpg,687,Sweatshirt panel enters edge-on.
694,23.133333,00:23:04,22,Physical brand triptych,frames/0695.jpg,694,Garment rotates toward the camera.
695,23.166667,00:23:05,22,Physical brand triptych,frames/0696.jpg,694,Garment rotates toward the camera.
696,23.200000,00:23:06,22,Physical brand triptych,frames/0697.jpg,694,Garment rotates toward the camera.
697,23.233333,00:23:07,22,Physical brand triptych,frames/0698.jpg,694,Garment rotates toward the camera.
698,23.266667,00:23:08,22,Physical brand triptych,frames/0699.jpg,694,Garment rotates toward the camera.
699,23.300000,00:23:09,22,Physical brand triptych,frames/0700.jpg,694,Garment rotates toward the camera.
700,23.333333,00:23:10,22,Physical brand triptych,frames/0701.jpg,694,Garment rotates toward the camera.
701,23.366667,00:23:11,22,Physical brand triptych,frames/0702.jpg,694,Garment rotates toward the camera.
702,23.400000,00:23:12,22,Physical brand triptych,frames/0703.jpg,702,All three applications are readable.
703,23.433333,00:23:13,22,Physical brand triptych,frames/0704.jpg,702,All three applications are readable.
704,23.466667,00:23:14,22,Physical brand triptych,frames/0705.jpg,702,All three applications are readable.
705,23.500000,00:23:15,22,Physical brand triptych,frames/0706.jpg,702,All three applications are readable.
706,23.533333,00:23:16,22,Physical brand triptych,frames/0707.jpg,702,All three applications are readable.
707,23.566667,00:23:17,22,Physical brand triptych,frames/0708.jpg,702,All three applications are readable.
708,23.600000,00:23:18,22,Physical brand triptych,frames/0709.jpg,702,All three applications are readable.
709,23.633333,00:23:19,22,Physical brand triptych,frames/0710.jpg,702,All three applications are readable.
710,23.666667,00:23:20,22,Physical brand triptych,frames/0711.jpg,702,All three applications are readable.
711,23.700000,00:23:21,22,Physical brand triptych,frames/0712.jpg,711,Hold triptych before the next cut.
712,23.733333,00:23:22,23,Newsletter lockup,frames/0713.jpg,712,Base Xem wordmark appears.
713,23.766667,00:23:23,23,Newsletter lockup,frames/0714.jpg,712,Base Xem wordmark appears.
714,23.800000,00:23:24,23,Newsletter lockup,frames/0715.jpg,712,Base Xem wordmark appears.
715,23.833333,00:23:25,23,Newsletter lockup,frames/0716.jpg,712,Base Xem wordmark appears.
716,23.866667,00:23:26,23,Newsletter lockup,frames/0717.jpg,716,‘newsletters’ reveals horizontally.
717,23.900000,00:23:27,23,Newsletter lockup,frames/0718.jpg,716,‘newsletters’ reveals horizontally.
718,23.933333,00:23:28,23,Newsletter lockup,frames/0719.jpg,716,‘newsletters’ reveals horizontally.
719,23.966667,00:23:29,23,Newsletter lockup,frames/0720.jpg,716,‘newsletters’ reveals horizontally.
720,24.000000,00:24:00,23,Newsletter lockup,frames/0721.jpg,716,‘newsletters’ reveals horizontally.
721,24.033333,00:24:01,23,Newsletter lockup,frames/0722.jpg,716,‘newsletters’ reveals horizontally.
722,24.066667,00:24:02,23,Newsletter lockup,frames/0723.jpg,716,‘newsletters’ reveals horizontally.
723,24.100000,00:24:03,23,Newsletter lockup,frames/0724.jpg,723,Descriptor reaches final width.
724,24.133333,00:24:04,23,Newsletter lockup,frames/0725.jpg,723,Descriptor reaches final width.
725,24.166667,00:24:05,23,Newsletter lockup,frames/0726.jpg,723,Descriptor reaches final width.
726,24.200000,00:24:06,23,Newsletter lockup,frames/0727.jpg,723,Descriptor reaches final width.
727,24.233333,00:24:07,23,Newsletter lockup,frames/0728.jpg,723,Descriptor reaches final width.
728,24.266667,00:24:08,23,Newsletter lockup,frames/0729.jpg,723,Descriptor reaches final width.
729,24.300000,00:24:09,23,Newsletter lockup,frames/0730.jpg,723,Descriptor reaches final width.
730,24.333333,00:24:10,23,Newsletter lockup,frames/0731.jpg,723,Descriptor reaches final width.
731,24.366667,00:24:11,23,Newsletter lockup,frames/0732.jpg,723,Descriptor reaches final width.
732,24.400000,00:24:12,23,Newsletter lockup,frames/0733.jpg,723,Descriptor reaches final width.
733,24.433333,00:24:13,23,Newsletter lockup,frames/0734.jpg,733,Construction labels hold.
734,24.466667,00:24:14,23,Newsletter lockup,frames/0735.jpg,733,Construction labels hold.
735,24.500000,00:24:15,23,Newsletter lockup,frames/0736.jpg,733,Construction labels hold.
736,24.533333,00:24:16,23,Newsletter lockup,frames/0737.jpg,733,Construction labels hold.
737,24.566667,00:24:17,23,Newsletter lockup,frames/0738.jpg,733,Construction labels hold.
738,24.600000,00:24:18,23,Newsletter lockup,frames/0739.jpg,733,Construction labels hold.
739,24.633333,00:24:19,23,Newsletter lockup,frames/0740.jpg,733,Construction labels hold.
740,24.666667,00:24:20,23,Newsletter lockup,frames/0741.jpg,733,Construction labels hold.
741,24.700000,00:24:21,23,Newsletter lockup,frames/0742.jpg,733,Construction labels hold.
742,24.733333,00:24:22,23,Newsletter lockup,frames/0743.jpg,733,Construction labels hold.
743,24.766667,00:24:23,23,Newsletter lockup,frames/0744.jpg,733,Construction labels hold.
744,24.800000,00:24:24,23,Newsletter lockup,frames/0745.jpg,733,Construction labels hold.
745,24.833333,00:24:25,23,Newsletter lockup,frames/0746.jpg,745,Last newsletter-world frame.
746,24.866667,00:24:26,24,Automation lockup,frames/0747.jpg,746,Descriptor and terrain change together.
747,24.900000,00:24:27,24,Automation lockup,frames/0748.jpg,746,Descriptor and terrain change together.
748,24.933333,00:24:28,24,Automation lockup,frames/0749.jpg,746,Descriptor and terrain change together.
749,24.966667,00:24:29,24,Automation lockup,frames/0750.jpg,746,Descriptor and terrain change together.
750,25.000000,00:25:00,24,Automation lockup,frames/0751.jpg,750,Lockup is fully readable.
751,25.033333,00:25:01,24,Automation lockup,frames/0752.jpg,750,Lockup is fully readable.
752,25.066667,00:25:02,24,Automation lockup,frames/0753.jpg,750,Lockup is fully readable.
753,25.100000,00:25:03,24,Automation lockup,frames/0754.jpg,750,Lockup is fully readable.
754,25.133333,00:25:04,24,Automation lockup,frames/0755.jpg,750,Lockup is fully readable.
755,25.166667,00:25:05,24,Automation lockup,frames/0756.jpg,750,Lockup is fully readable.
756,25.200000,00:25:06,24,Automation lockup,frames/0757.jpg,750,Lockup is fully readable.
757,25.233333,00:25:07,24,Automation lockup,frames/0758.jpg,750,Lockup is fully readable.
758,25.266667,00:25:08,24,Automation lockup,frames/0759.jpg,750,Lockup is fully readable.
759,25.300000,00:25:09,24,Automation lockup,frames/0760.jpg,750,Lockup is fully readable.
760,25.333333,00:25:10,24,Automation lockup,frames/0761.jpg,760,Final hold before the next descriptor.
761,25.366667,00:25:11,25,Open-source lockup,frames/0762.jpg,761,Open-source descriptor cut.
762,25.400000,00:25:12,25,Open-source lockup,frames/0763.jpg,761,Open-source descriptor cut.
763,25.433333,00:25:13,25,Open-source lockup,frames/0764.jpg,761,Open-source descriptor cut.
764,25.466667,00:25:14,25,Open-source lockup,frames/0765.jpg,761,Open-source descriptor cut.
765,25.500000,00:25:15,25,Open-source lockup,frames/0766.jpg,761,Open-source descriptor cut.
766,25.533333,00:25:16,25,Open-source lockup,frames/0767.jpg,761,Open-source descriptor cut.
767,25.566667,00:25:17,25,Open-source lockup,frames/0768.jpg,767,Hold the resolved lockup.
768,25.600000,00:25:18,25,Open-source lockup,frames/0769.jpg,767,Hold the resolved lockup.
769,25.633333,00:25:19,25,Open-source lockup,frames/0770.jpg,767,Hold the resolved lockup.
770,25.666667,00:25:20,25,Open-source lockup,frames/0771.jpg,767,Hold the resolved lockup.
771,25.700000,00:25:21,25,Open-source lockup,frames/0772.jpg,767,Hold the resolved lockup.
772,25.733333,00:25:22,25,Open-source lockup,frames/0773.jpg,767,Hold the resolved lockup.
773,25.766667,00:25:23,25,Open-source lockup,frames/0774.jpg,767,Hold the resolved lockup.
774,25.800000,00:25:24,25,Open-source lockup,frames/0775.jpg,774,Last horizon frame.
775,25.833333,00:25:25,26,Make email more human,frames/0776.jpg,775,Cut into the deep hero world; capsule is in motion.
776,25.866667,00:25:26,26,Make email more human,frames/0777.jpg,775,Cut into the deep hero world; capsule is in motion.
777,25.900000,00:25:27,26,Make email more human,frames/0778.jpg,775,Cut into the deep hero world; capsule is in motion.
778,25.933333,00:25:28,26,Make email more human,frames/0779.jpg,778,First words appear.
779,25.966667,00:25:29,26,Make email more human,frames/0780.jpg,778,First words appear.
780,26.000000,00:26:00,26,Make email more human,frames/0781.jpg,778,First words appear.
781,26.033333,00:26:01,26,Make email more human,frames/0782.jpg,778,First words appear.
782,26.066667,00:26:02,26,Make email more human,frames/0783.jpg,782,Two-line statement is complete.
783,26.100000,00:26:03,26,Make email more human,frames/0784.jpg,782,Two-line statement is complete.
784,26.133333,00:26:04,26,Make email more human,frames/0785.jpg,782,Two-line statement is complete.
785,26.166667,00:26:05,26,Make email more human,frames/0786.jpg,782,Two-line statement is complete.
786,26.200000,00:26:06,26,Make email more human,frames/0787.jpg,782,Two-line statement is complete.
787,26.233333,00:26:07,26,Make email more human,frames/0788.jpg,782,Two-line statement is complete.
788,26.266667,00:26:08,26,Make email more human,frames/0789.jpg,782,Two-line statement is complete.
789,26.300000,00:26:09,26,Make email more human,frames/0790.jpg,782,Two-line statement is complete.
790,26.333333,00:26:10,26,Make email more human,frames/0791.jpg,782,Two-line statement is complete.
791,26.366667,00:26:11,26,Make email more human,frames/0792.jpg,782,Two-line statement is complete.
792,26.400000,00:26:12,26,Make email more human,frames/0793.jpg,782,Two-line statement is complete.
793,26.433333,00:26:13,26,Make email more human,frames/0794.jpg,782,Two-line statement is complete.
794,26.466667,00:26:14,26,Make email more human,frames/0795.jpg,782,Two-line statement is complete.
795,26.500000,00:26:15,26,Make email more human,frames/0796.jpg,795,Capsule turns beside the headline.
796,26.533333,00:26:16,26,Make email more human,frames/0797.jpg,795,Capsule turns beside the headline.
797,26.566667,00:26:17,26,Make email more human,frames/0798.jpg,795,Capsule turns beside the headline.
798,26.600000,00:26:18,26,Make email more human,frames/0799.jpg,795,Capsule turns beside the headline.
799,26.633333,00:26:19,26,Make email more human,frames/0800.jpg,795,Capsule turns beside the headline.
800,26.666667,00:26:20,26,Make email more human,frames/0801.jpg,795,Capsule turns beside the headline.
801,26.700000,00:26:21,26,Make email more human,frames/0802.jpg,795,Capsule turns beside the headline.
802,26.733333,00:26:22,26,Make email more human,frames/0803.jpg,795,Capsule turns beside the headline.
803,26.766667,00:26:23,26,Make email more human,frames/0804.jpg,795,Capsule turns beside the headline.
804,26.800000,00:26:24,26,Make email more human,frames/0805.jpg,795,Capsule turns beside the headline.
805,26.833333,00:26:25,26,Make email more human,frames/0806.jpg,795,Capsule turns beside the headline.
806,26.866667,00:26:26,26,Make email more human,frames/0807.jpg,795,Capsule turns beside the headline.
807,26.900000,00:26:27,26,Make email more human,frames/0808.jpg,795,Capsule turns beside the headline.
808,26.933333,00:26:28,26,Make email more human,frames/0809.jpg,795,Capsule turns beside the headline.
809,26.966667,00:26:29,26,Make email more human,frames/0810.jpg,795,Capsule turns beside the headline.
810,27.000000,00:27:00,26,Make email more human,frames/0811.jpg,795,Capsule turns beside the headline.
811,27.033333,00:27:01,26,Make email more human,frames/0812.jpg,795,Capsule turns beside the headline.
812,27.066667,00:27:02,26,Make email more human,frames/0813.jpg,795,Capsule turns beside the headline.
813,27.100000,00:27:03,26,Make email more human,frames/0814.jpg,795,Capsule turns beside the headline.
814,27.133333,00:27:04,26,Make email more human,frames/0815.jpg,795,Capsule turns beside the headline.
815,27.166667,00:27:05,26,Make email more human,frames/0816.jpg,795,Capsule turns beside the headline.
816,27.200000,00:27:06,26,Make email more human,frames/0817.jpg,816,Hold the statement while the object continues its source path.
817,27.233333,00:27:07,26,Make email more human,frames/0818.jpg,816,Hold the statement while the object continues its source path.
818,27.266667,00:27:08,26,Make email more human,frames/0819.jpg,816,Hold the statement while the object continues its source path.
819,27.300000,00:27:09,26,Make email more human,frames/0820.jpg,816,Hold the statement while the object continues its source path.
820,27.333333,00:27:10,26,Make email more human,frames/0821.jpg,816,Hold the statement while the object continues its source path.
821,27.366667,00:27:11,26,Make email more human,frames/0822.jpg,816,Hold the statement while the object continues its source path.
822,27.400000,00:27:12,26,Make email more human,frames/0823.jpg,816,Hold the statement while the object continues its source path.
823,27.433333,00:27:13,26,Make email more human,frames/0824.jpg,816,Hold the statement while the object continues its source path.
824,27.466667,00:27:14,26,Make email more human,frames/0825.jpg,816,Hold the statement while the object continues its source path.
825,27.500000,00:27:15,26,Make email more human,frames/0826.jpg,816,Hold the statement while the object continues its source path.
826,27.533333,00:27:16,26,Make email more human,frames/0827.jpg,816,Hold the statement while the object continues its source path.
827,27.566667,00:27:17,26,Make email more human,frames/0828.jpg,816,Hold the statement while the object continues its source path.
828,27.600000,00:27:18,26,Make email more human,frames/0829.jpg,816,Hold the statement while the object continues its source path.
829,27.633333,00:27:19,26,Make email more human,frames/0830.jpg,816,Hold the statement while the object continues its source path.
830,27.666667,00:27:20,26,Make email more human,frames/0831.jpg,816,Hold the statement while the object continues its source path.
831,27.700000,00:27:21,26,Make email more human,frames/0832.jpg,816,Hold the statement while the object continues its source path.
832,27.733333,00:27:22,26,Make email more human,frames/0833.jpg,832,Capsule begins its upward departure.
833,27.766667,00:27:23,26,Make email more human,frames/0834.jpg,832,Capsule begins its upward departure.
834,27.800000,00:27:24,26,Make email more human,frames/0835.jpg,832,Capsule begins its upward departure.
835,27.833333,00:27:25,26,Make email more human,frames/0836.jpg,832,Capsule begins its upward departure.
836,27.866667,00:27:26,26,Make email more human,frames/0837.jpg,832,Capsule begins its upward departure.
837,27.900000,00:27:27,26,Make email more human,frames/0838.jpg,832,Capsule begins its upward departure.
838,27.933333,00:27:28,26,Make email more human,frames/0839.jpg,832,Capsule begins its upward departure.
839,27.966667,00:27:29,26,Make email more human,frames/0840.jpg,839,Last hero frame before the closing cut.
840,28.000000,00:28:00,27,Capsule returns to identity,frames/0841.jpg,840,Dark end-card begins with dim identity.
841,28.033333,00:28:01,27,Capsule returns to identity,frames/0842.jpg,840,Dark end-card begins with dim identity.
842,28.066667,00:28:02,27,Capsule returns to identity,frames/0843.jpg,840,Dark end-card begins with dim identity.
843,28.100000,00:28:03,27,Capsule returns to identity,frames/0844.jpg,840,Dark end-card begins with dim identity.
844,28.133333,00:28:04,27,Capsule returns to identity,frames/0845.jpg,844,Large capsule crosses from the left.
845,28.166667,00:28:05,27,Capsule returns to identity,frames/0846.jpg,844,Large capsule crosses from the left.
846,28.200000,00:28:06,27,Capsule returns to identity,frames/0847.jpg,844,Large capsule crosses from the left.
847,28.233333,00:28:07,27,Capsule returns to identity,frames/0848.jpg,847,Capsule shrinks beneath the symbol.
848,28.266667,00:28:08,27,Capsule returns to identity,frames/0849.jpg,847,Capsule shrinks beneath the symbol.
849,28.300000,00:28:09,27,Capsule returns to identity,frames/0850.jpg,847,Capsule shrinks beneath the symbol.
850,28.333333,00:28:10,27,Capsule returns to identity,frames/0851.jpg,850,Mark brightens.
851,28.366667,00:28:11,27,Capsule returns to identity,frames/0852.jpg,850,Mark brightens.
852,28.400000,00:28:12,27,Capsule returns to identity,frames/0853.jpg,850,Mark brightens.
853,28.433333,00:28:13,27,Capsule returns to identity,frames/0854.jpg,853,Capsule has resolved into the final identity.
854,28.466667,00:28:14,28,Final brand hold,frames/0855.jpg,854,Fully resolved final logo.
855,28.500000,00:28:15,28,Final brand hold,frames/0856.jpg,854,Fully resolved final logo.
856,28.533333,00:28:16,28,Final brand hold,frames/0857.jpg,854,Fully resolved final logo.
857,28.566667,00:28:17,28,Final brand hold,frames/0858.jpg,854,Fully resolved final logo.
858,28.600000,00:28:18,28,Final brand hold,frames/0859.jpg,854,Fully resolved final logo.
859,28.633333,00:28:19,28,Final brand hold,frames/0860.jpg,854,Fully resolved final logo.
860,28.666667,00:28:20,28,Final brand hold,frames/0861.jpg,854,Fully resolved final logo.
861,28.700000,00:28:21,28,Final brand hold,frames/0862.jpg,854,Fully resolved final logo.
862,28.733333,00:28:22,28,Final brand hold,frames/0863.jpg,854,Fully resolved final logo.
863,28.766667,00:28:23,28,Final brand hold,frames/0864.jpg,854,Fully resolved final logo.
864,28.800000,00:28:24,28,Final brand hold,frames/0865.jpg,854,Fully resolved final logo.
865,28.833333,00:28:25,28,Final brand hold,frames/0866.jpg,854,Fully resolved final logo.
866,28.866667,00:28:26,28,Final brand hold,frames/0867.jpg,854,Fully resolved final logo.
867,28.900000,00:28:27,28,Final brand hold,frames/0868.jpg,854,Fully resolved final logo.
868,28.933333,00:28:28,28,Final brand hold,frames/0869.jpg,854,Fully resolved final logo.
869,28.966667,00:28:29,28,Final brand hold,frames/0870.jpg,854,Fully resolved final logo.
870,29.000000,00:29:00,28,Final brand hold,frames/0871.jpg,870,Steady brand hold.
871,29.033333,00:29:01,28,Final brand hold,frames/0872.jpg,870,Steady brand hold.
872,29.066667,00:29:02,28,Final brand hold,frames/0873.jpg,870,Steady brand hold.
873,29.100000,00:29:03,28,Final brand hold,frames/0874.jpg,870,Steady brand hold.
874,29.133333,00:29:04,28,Final brand hold,frames/0875.jpg,870,Steady brand hold.
875,29.166667,00:29:05,28,Final brand hold,frames/0876.jpg,870,Steady brand hold.
876,29.200000,00:29:06,28,Final brand hold,frames/0877.jpg,870,Steady brand hold.
877,29.233333,00:29:07,28,Final brand hold,frames/0878.jpg,870,Steady brand hold.
878,29.266667,00:29:08,28,Final brand hold,frames/0879.jpg,870,Steady brand hold.
879,29.300000,00:29:09,28,Final brand hold,frames/0880.jpg,870,Steady brand hold.
880,29.333333,00:29:10,28,Final brand hold,frames/0881.jpg,870,Steady brand hold.
881,29.366667,00:29:11,28,Final brand hold,frames/0882.jpg,870,Steady brand hold.
882,29.400000,00:29:12,28,Final brand hold,frames/0883.jpg,870,Steady brand hold.
883,29.433333,00:29:13,28,Final brand hold,frames/0884.jpg,870,Steady brand hold.
884,29.466667,00:29:14,28,Final brand hold,frames/0885.jpg,870,Steady brand hold.
885,29.500000,00:29:15,28,Final brand hold,frames/0886.jpg,870,Steady brand hold.
886,29.533333,00:29:16,28,Final brand hold,frames/0887.jpg,870,Steady brand hold.
887,29.566667,00:29:17,28,Final brand hold,frames/0888.jpg,870,Steady brand hold.
888,29.600000,00:29:18,28,Final brand hold,frames/0889.jpg,870,Steady brand hold.
889,29.633333,00:29:19,28,Final brand hold,frames/0890.jpg,870,Steady brand hold.
890,29.666667,00:29:20,28,Final brand hold,frames/0891.jpg,890,Steady brand hold.
891,29.700000,00:29:21,28,Final brand hold,frames/0892.jpg,890,Steady brand hold.
892,29.733333,00:29:22,28,Final brand hold,frames/0893.jpg,890,Steady brand hold.
893,29.766667,00:29:23,28,Final brand hold,frames/0894.jpg,890,Steady brand hold.
894,29.800000,00:29:24,28,Final brand hold,frames/0895.jpg,890,Steady brand hold.
895,29.833333,00:29:25,28,Final brand hold,frames/0896.jpg,890,Steady brand hold.
896,29.866667,00:29:26,28,Final brand hold,frames/0897.jpg,890,Steady brand hold.
897,29.900000,00:29:27,28,Final brand hold,frames/0898.jpg,890,Steady brand hold.
898,29.933333,00:29:28,28,Final brand hold,frames/0899.jpg,890,Steady brand hold.
899,29.966667,00:29:29,28,Final brand hold,frames/0900.jpg,890,Steady brand hold.
900,30.000000,00:30:00,28,Final brand hold,frames/0901.jpg,900,Final decoded reference frame; end after this frame.
