scene,title,start_frame_inclusive,end_frame_exclusive,duration_frames,start_seconds,end_seconds
01,Identity construction,0,41,41,0.000000000,1.366666667
02,Wordmark resolves,41,61,20,1.366666667,2.033333333
03,Clear-space study,61,83,22,2.033333333,2.766666667
04,Dark identity and escaping dot,83,126,43,2.766666667,4.200000000
05,Dot becomes color,126,143,17,4.200000000,4.766666667
06,Palette grid,143,192,49,4.766666667,6.400000000
07,Oversized type field,192,226,34,6.400000000,7.533333333
08,Type pairing statement,226,282,56,7.533333333,9.400000000
09,Corner-radius macro,282,305,23,9.400000000,10.166666667
10,Viewport pulls back,305,316,11,10.166666667,10.533333333
11,Illustrated world appears,316,349,33,10.533333333,11.633333333
12,Newsletter cover variants,349,367,18,11.633333333,12.233333333
13,Whole email world montage,367,415,48,12.233333333,13.833333333
14,Mail-capsule sketch,415,444,29,13.833333333,14.800000000
15,Capsule gains a world,444,459,15,14.800000000,15.300000000
16,Travel through the canyon,459,487,28,15.300000000,16.233333333
17,A message in the light,487,523,36,16.233333333,17.433333333
18,World changes and line bridge,523,548,25,17.433333333,18.266666667
19,Icon seed,548,573,25,18.266666667,19.100000000
20,Icon system expands,573,637,64,19.100000000,21.233333333
21,The real website on a laptop,637,679,42,21.233333333,22.633333333
22,Physical brand triptych,679,712,33,22.633333333,23.733333333
23,Newsletter lockup,712,746,34,23.733333333,24.866666667
24,Automation lockup,746,761,15,24.866666667,25.366666667
25,Open-source lockup,761,775,14,25.366666667,25.833333333
26,Make email more human,775,840,65,25.833333333,28.000000000
27,Capsule returns to identity,840,854,14,28.000000000,28.466666667
28,Final brand hold,854,901,47,28.466666667,30.033333333
